級數,字彙,詞性,變化型態
800單字,absent,v./adj.,"absents, absenting, absented"
800單字,accept,v.,"accepts, accepting, accepted"
800單字,accident,n.,accidents
800單字,active,n./adj.,actives
800單字,activity,n.,activities
800單字,add,v.,"adds, adding, added"
800單字,address,n./v.,"addresses, addressing, addressed"
800單字,admire,v.,"admires, admiring, admired"
800單字,adult,n./adj.,adults
800單字,advertisement,n.,advertisements
800單字,advice,n.,advices
800單字,advise,v.,"advises, advising, advised"
800單字,affect,n./v.,"affects, affecting, affected"
800單字,against,prep.,
800單字,aim,n./v.,"aims, aiming, aimed"
800單字,air conditioner,n.,air conditioners
800單字,airlines,n.,
800單字,alarm,n./v.,"alarms, alarming, alarmed"
800單字,album,n.,albums
800單字,alike,adj./adv.,
800單字,alive,adj.,
800單字,alone,adj./adv.,
800單字,aloud,adv.,
800單字,alphabet,n.,alphabets
800單字,altogether,adv.,
800單字,ambulance,n.,ambulances
800單字,among,prep.,
800單字,amount,n./v.,"amounts, amounting, amounted"
800單字,ancient,n./adj.,ancients
800單字,angel,n.,angels
800單字,anger,n./v.,"angers, angering, angered"
800單字,ankle,n.,ankles
800單字,anywhere,adv.,
800單字,apologize,v.,"apologizes, apologizing, apologized"
800單字,appreciate,v.,"appreciates, appreciating, appreciated"
800單字,argue,v.,"argues, arguing, argued"
800單字,armchair,n.,armchairs
800單字,army,n./adj.,armies
800單字,arrange,v.,"arranges, arranging, arranged"
800單字,artist,n.,artists
800單字,asleep,adj.,
800單字,assistant,n.,assistants
800單字,assume,v.,"assumes, assuming, assumed"
800單字,attention,n.,attentions
800單字,available,adj.,
800單字,avoid,v.,"avoids, avoiding, avoided"
800單字,baby sitter,n.,baby sitters
800單字,backpack,n.,backpacks
800單字,backward,adj./adv.,
800單字,ball,n./v.,"balls, balling, balled"
800單字,balloon,n./v.,"balloons, ballooning, ballooned"
800單字,barbecue,n./v.,"barbecues, barbecuing, barbecued"
800單字,barber,n./v.,"barbers, barbering, barbered"
800單字,bark,n./v.,"barks, barking, barked"
800單字,base,n./v./adj.,"bases, basing, based, baser, basest"
800單字,basement,n.,basements
800單字,basic,adj.,
800單字,bathe,n./v.,"bathes, bathing, bathed"
800單字,beard,n./v.,"beards, bearding, bearded"
800單字,beat,n./v./adj.,"beats, beating, beaten"
800單字,beauty,n.,beauties
800單字,beer,n.,beers
800單字,beginner,n.,beginners
800單字,beginning,n.,beginnings
800單字,behave,v.,"behaves, behaving, behaved"
800單字,besides,adv.,
800單字,beyond,adv.,
800單字,bill,n./v.,"bills, billing, billed"
800單字,biology,n.,biologies
800單字,bitter,adj.,"bitterer, bitterest"
800單字,blame,n./v.,"blames, blaming, blamed"
800單字,bless,v.,"blesses, blessing, blessed, blest"
800單字,blood,n./v.,"bloods, blooding, blooded"
800單字,blouse,n./v.,"blouses, blousing, bloused"
800單字,board,n./v.,"boards, boarding, boarded"
800單字,bomb,n./v.,"bombs, bombing, bombed"
800單字,bone,n./v.,"bones, boning, boned"
800單字,bookcase,n.,
800單字,bother,n./v.,"bothers, bothering, bothered"
800單字,bowling,n.,
800單字,branch,n./v.,"branches, branching, branched"
800單字,brick,n./v.,"bricks, bricking, bricked"
800單字,broad,n./adj.,"broads, broader, broadest"
800單字,broadcast,n./v./adj.,"broadcasts, broadcasting, broadcasted"
800單字,brunch,n.,brunches
800單字,bucket,n./v.,"buckets, bucketing, bucketed"
800單字,buffet,n./v.,"buffets, buffeting, buffeted"
800單字,building,n.,buildings
800單字,bundle,n./v.,"bundles, bundling, bundled"
800單字,burger,n.,
800單字,burst,n./v.,"bursts, bursting"
800單字,cabbage,n.,cabbages
800單字,cable,n./v.,"cables, cabling, cabled"
800單字,cafeteria,n.,cafeterias
800單字,cage,n./v.,"cages, caging, caged"
800單字,calendar,n./v.,"calendars, calendaring, calendared"
800單字,calm,n./v./adj.,"calms, calming, calmed, calmer, calmest"
800單字,campus,n.,"campuses, campi"
800單字,cancel,v.,"cancels, canceling, cancelling, canceled, cancelled"
800單字,cancer,n.,cancers
800單字,captain,n./v.,"captains, captaining, captained"
800單字,careless,adj.,
800單字,carpet,n./v.,"carpets, carpeting, carpeted"
800單字,carrot,n.,carrots
800單字,cartoon,n./v.,"cartoons, cartooning, cartooned"
800單字,cash,n./v.,"cashes, cashing, cashed"
800單字,cause,n./v.,"causes, causing, caused"
800單字,ceiling,n.,ceilings
800單字,central,n./adj.,centrals
800單字,century,n.,centuries
800單字,cereal,n./adj.,cereals
800單字,certain,adj.,
800單字,channel,n./v.,"channels, channeling, channelling, channeled, channelled"
800單字,character,n.,characters
800單字,charge,n./v.,"charges, charging, charged"
800單字,chart,n./v.,"charts, charting, charted"
800單字,chase,n./v.,"chases, chasing, chased"
800單字,chemistry,n.,chemistries
800單字,chess,n.,
800單字,childhood,n.,childhoods
800單字,childish,adj.,
800單字,childlike,adj.,
800單字,chin,n./v.,"chins, chinning, chinned"
800單字,chubby,adj.,"chubbier, chubbiest"
800單字,classical,adj.,
800單字,clever,adj.,"cleverer, cleverest"
800單字,climate,n.,climates
800單字,closet,n./v./adj.,"closets, closeting, closeted"
800單字,coach,n./v.,"coaches, coaching, coached"
800單字,coast,n./v.,"coasts, coasting, coasted"
800單字,cockroach,n.,cockroaches
800單字,coin,n./v.,"coins, coining, coined"
800單字,cola,n.,colas
800單字,college,n.,colleges
800單字,colorful,adj.,
800單字,command,n./v.,"commands, commanding, commanded"
800單字,comment,n./v.,"comments, commenting, commented"
800單字,company,n.,companies
800單字,compare,v.,"compares, comparing, compared"
800單字,complain,v.,"complains, complaining, complained"
800單字,complete,v.,"completes, completing, completed"
800單字,concern,n./v.,"concerns, concerning, concerned"
800單字,confident,adj.,
800單字,confuse,v.,"confuses, confusing, confused"
800單字,congratulation,n.,
800單字,consider,v.,"considers, considering, considered"
800單字,considerate,adj.,
800單字,contact lens,n./v.,"contact lenses, contact lensing, contact lensed"
800單字,continue,v.,"continues, continuing, continued"
800單字,contract,n./v.,"contracts, contracting, contracted"
800單字,control,n./v.,"controls, controlling, controling, controlled, controled"
800單字,convenience store,n./v.,"convenience stores, convenience storing, convenience stored"
800單字,conversation,n.,conversations
800單字,corn,n./v.,"corns, corning, corned"
800單字,cotton,n.,cottons
800單字,cough,n./v.,"coughs, coughing, coughed"
800單字,couple,n./v.,"couples, coupling, coupled"
800單字,courage,n.,
800單字,court,n./v.,"courts, courting, courted"
800單字,cowboy,n.,cowboys
800單字,crab,n./v.,"crabs, crabbing, crabbed"
800單字,crayon,n./v.,"crayons, crayoning, crayoned"
800單字,cream,n./v./adj.,"creams, creaming, creamed"
800單字,create,v.,"creates, creating, created"
800單字,credit card,n./v.,"credit cards, credit carding, credit carded"
800單字,crime,n.,crimes
800單字,crowd,n./v.,"crowds, crowding, crowded"
800單字,crowded,adj.,
800單字,cruel,adj.,"crueler, crueller, cruelest, cruellest"
800單字,culture,n./v.,"cultures, culturing, cultured"
800單字,cure,n./v.,"cures, curing, cured"
800單字,curious,adj.,
800單字,current,n./adj.,currents
800單字,curtain,n./v.,"curtains, curtaining, curtained"
800單字,curve,n./v.,"curves, curving, curved"
800單字,custom,n./adj.,customs
800單字,customer,n.,customers
800單字,daily,n./adj./adv.,dailies
800單字,damage,n./v.,"damages, damaging, damaged"
800單字,danger,n.,dangers
800單字,dawn,n./v.,"dawns, dawning, dawned"
800單字,deaf,n./adj.,"deafer, deafest"
800單字,debate,n./v.,"debates, debating, debated"
800單字,decision,n.,decisions
800單字,decorate,v.,"decorates, decorating, decorated"
800單字,decrease,n./v.,"decreases, decreasing, decreased"
800單字,deer,n.,deers
800單字,degree,n.,degrees
800單字,deliver,v.,"delivers, delivering, delivered"
800單字,department,n.,departments
800單字,depend,v.,"depends, depending, depended"
800單字,describe,v.,"describes, describing, described"
800單字,desert,n./v.,"deserts, deserting, deserted"
800單字,design,n./v.,"designs, designing, designed"
800單字,desire,n./v.,"desires, desiring, desired"
800單字,dessert,n.,desserts
800單字,detect,v.,"detects, detecting, detected"
800單字,develop,v.,"develops, developing, developed"
800單字,dial,n./v.,"dials, dialing, dialling, dialed, dialled"
800單字,diamond,n.,diamonds
800單字,diary,n.,diaries
800單字,diet,n./v.,"diets, dieting, dieted"
800單字,difference,n.,differences
800單字,difficulty,n.,difficulties
800單字,diligent,adj.,
800單字,diplomat,n.,diplomats
800單字,dinosaur,n.,dinosaurs
800單字,direct,v./adj./adv.,"directs, directing, directed"
800單字,direction,n.,directions
800單字,disappear,v.,"disappears, disappearing, disappeared"
800單字,discover,v.,"discovers, discovering, discovered"
800單字,discuss,v.,"discusses, discussing, discussed"
800單字,discussion,n.,discussions
800單字,dishonest,adj.,
800單字,distance,n./v.,"distances, distancing, distanced"
800單字,distant,adj.,
800單字,divide,v.,"divides, dividing, divided"
800單字,dizzy,adj.,"dizzier, dizziest"
800單字,dodge ball,n./v.,"dodge balls, dodge balling, dodge balled"
800單字,dolphin,n.,dolphins
800單字,donkey,n.,donkeys
800單字,double,n./v./adj./adv.,"doubles, doubling, doubled"
800單字,doubt,n./v.,"doubts, doubting, doubted"
800單字,doughnut,n.,doughnuts
800單字,downstairs,adj./adv.,
800單字,downtown,n./adj./adv.,downtowns
800單字,dragon,n.,dragons
800單字,drama,n.,dramas
800單字,dresser,n.,dressers
800單字,drugstore,n.,drugstores
800單字,dryer,n.,dryers
800單字,dumb,adj.,"dumber, dumbest"
800單字,dumpling,n.,dumplings
800單字,duty,n.,duties
800單字,eagle,n.,eagles
800單字,earn,v.,"earns, earning, earned"
800單字,earrings,n.,
800單字,ease,n./v.,"eases, easing, eased"
800單字,edge,n./v.,"edges, edging, edged"
800單字,education,n.,educations
800單字,effort,n.,efforts
800單字,elder,n./adj.,elders
800單字,elect,n./v./adj.,"elects, electing, elected"
800單字,electric,adj.,
800單字,embarrass,v.,"embarrasses, embarrassing, embarrassed"
800單字,emotion,n.,emotions
800單字,emphasize,v.,"emphasizes, emphasizing, emphasized"
800單字,employ,v.,"employs, employing, employed"
800單字,empty,v./adj.,"empties, emptying, emptied, emptier, emptiest"
800單字,enemy,n.,enemies
800單字,energetic,adj.,
800單字,energy,n.,energies
800單字,engine,n.,engines
800單字,entrance,n./v.,"entrances, entrancing, entranced"
800單字,environment,n.,environments
800單字,envy,n./v.,"envies, envying, envied"
800單字,equal,n./v./adj.,"equals, equalling, equaling, equalled, equaled"
800單字,especially,adv.,
800單字,event,n.,events
800單字,everywhere,adv.,
800單字,evil,n./adj.,evils
800單字,exam,n.,exams
800單字,excite,v.,"excites, exciting, excited"
800單字,exist,v.,"exists, existing, existed"
800單字,exit,n./v.,"exits, exiting, exited"
800單字,express,n./v./adj./adv.,"expresses, expressing, expressed"
800單字,extra,n./adj./adv.,extras
800單字,fair,n./v./adj./adv.,"fairs, fairing, faired, fairer, fairest"
800單字,FALSE,adj.,
800單字,fancy,n./v./adj.,"fancies, fancying, fancied, fancier, fanciest"
800單字,fantastic,adj.,
800單字,fashionable,adj.,
800單字,faucet,n.,faucets
800單字,fault,n./v.,"faults, faulting, faulted"
800單字,fear,n./v.,"fears, fearing, feared"
800單字,fee,n./v.,"fees, feeing, fee'd, feed"
800單字,feeling,n./adj.,feelings
800單字,female,n./adj.,females
800單字,fence,n./v.,"fences, fencing, fenced"
800單字,film,n./v.,"films, filming, filmed"
800單字,final,n./adj.,finals
800單字,fit,n./v./adj.,"fits, fitting, fitted, fitter, fittest"
800單字,flag,n./v.,"flags, flagging, flagged"
800單字,flashlight,n.,flashlights
800單字,flat tire,n./v.,"flat tires, flat tiring, flat tired"
800單字,flight,n.,flights
800單字,flour,n./v.,"flours, flouring, floured"
800單字,flu,n.,
800單字,flute,n./v.,"flutes, fluting, fluted"
800單字,focus,n./v.,"focuses, foci, focusses, focusing, focussing, focused, focussed"
800單字,fog,n./v.,"fogs, fogging, fogged"
800單字,foggy,adj.,"foggier, foggiest"
800單字,foolish,adj.,
800單字,football,n.,footballs
800單字,forest,n./v.,"forests, foresting, forested"
800單字,forgive,v.,"forgives, forgiving, forgave, forgiven"
800單字,form,n./v.,"forms, forming, formed"
800單字,formal,adj.,
800單字,former,n./adj.,formers
800單字,forward,n./v./adj./adv.,"forwards, forwarding, forwarded"
800單字,frank,n./v./adj.,"franks, franking, franked, franker, frankest"
800單字,freedom,n.,freedoms
800單字,freezer,n.,freezers
800單字,freezing,n./adj.,freezings
800單字,friendship,n.,friendships
800單字,frighten,v.,"frightens, frightening, frightened"
800單字,frisbee,n.,
800單字,furniture,n.,
800單字,gain,n./v.,"gains, gaining, gained"
800單字,garage,n./v.,"garages, garaging, garaged"
800單字,gather,n./v.,"gathers, gathering, gathered"
800單字,general,n./adj.,generals
800單字,generous,adj.,
800單字,genius,n.,geniuses
800單字,gentle,v./adj.,"gentles, gentling, gentled, gentler, gentlest"
800單字,gentleman,n.,gentlemen
800單字,geography,n.,geographies
800單字,gesture,n./v.,"gestures, gesturing, gestured"
800單字,goal,n.,goals
800單字,gold,n.,golds
800單字,golden,adj.,"goldener, goldenest"
800單字,golf,n./v.,"golfs, golfing, golfed"
800單字,goodness,n.,
800單字,government,n.,governments
800單字,granddaughter,n.,granddaughters
800單字,grandson,n.,grandsons
800單字,greedy,adj.,"greedier, greediest"
800單字,greet,v.,"greets, greeting, greeted"
800單字,guard,n./v.,"guards, guarding, guarded"
800單字,guest,n./v.,"guests, guesting, guested"
800單字,guide,n./v.,"guides, guiding, guided"
800單字,gun,n./v.,"guns, gunning, gunned"
800單字,hair dresser,n.,hair dressers
800單字,haircut,n.,haircuts
800單字,hall,n.,halls
800單字,hammer,n./v.,"hammers, hammering, hammered"
800單字,handkerchief,n.,"handkerchiefs, handkerchieves"
800單字,handle,n./v.,"handles, handling, handled"
800單字,hanger,n.,hangers
800單字,hardly,adv.,
800單字,heater,n.,heaters
800單字,helicopter,n./v.,"helicopters, helicoptering, helicoptered"
800單字,hero,n.,heroes
800單字,highway,n.,highways
800單字,hip,n./adj.,"hips, hipper, hippest"
800單字,hippo,n.,hippos
800單字,hire,n./v.,"hires, hiring, hired"
800單字,hole,n./v.,"holes, holing, holed"
800單字,homesick,adj.,
800單字,honesty,n.,
800單字,hop,n./v.,"hops, hopping, hopped"
800單字,horrible,adj.,
800單字,host,n./v.,"hosts, hosting, hosted"
800單字,housework,n.,
800單字,hug,n./v.,"hugs, hugging, hugged"
800單字,human,n./adj.,humans
800單字,humble,v./adj.,"humbles, humbling, humbled, humbler, humblest"
800單字,humid,adj.,
800單字,humor,n./v.,"humors, humoring, humored"
800單字,humorous,adj.,
800單字,hunger,n./v.,"hungers, hungering, hungered"
800單字,hunter,n.,hunters
800單字,ignore,v.,"ignores, ignoring, ignored"
800單字,ill,n./adj./adv.,"ills, worse, iller, worst, illest"
800單字,imagine,v.,"imagines, imagining, imagined"
800單字,impolite,adj.,
800單字,importance,n.,importances
800單字,impossible,adj.,
800單字,improve,v.,"improves, improving, improved"
800單字,include,v.,"includes, including, included"
800單字,income,n.,incomes
800單字,increase,n./v.,"increases, increasing, increased"
800單字,independent,n./adj.,independents
800單字,indicate,v.,"indicates, indicating, indicated"
800單字,influence,n./v.,"influences, influencing, influenced"
800單字,information,n.,informations
800單字,ink,n./v.,"inks, inking, inked"
800單字,insist,v.,"insists, insisting, insisted"
800單字,inspire,v.,"inspires, inspiring, inspired"
800單字,instant,n./adj.,instants
800單字,instrument,n./v.,"instruments, instrumenting, instrumented"
800單字,intelligent,adj.,
800單字,international,n./adj.,internationals
800單字,interrupt,v.,"interrupts, interrupting, interrupted"
800單字,introduce,v.,"introduces, introducing, introduced"
800單字,invent,v.,"invents, inventing, invented"
800單字,invitation,n.,invitations
800單字,iron,n./v.,"irons, ironing, ironed"
800單字,jam,n./v.,"jams, jamming, jammed"
800單字,jazz,n./v.,"jazzes, jazzing, jazzed"
800單字,jealous,adj.,
800單字,jeep,n.,jeeps
800單字,journalist,n.,journalists
800單字,judge,n./v.,"judges, judging, judged"
800單字,kangaroo,n.,kangaroos
800單字,ketchup,n.,
800單字,kilometer,n.,kilometers
800單字,kindergarten,n.,kindergartens
800單字,kingdom,n.,kingdoms
800單字,kitten,n./v.,"kittens, kittening, kittened"
800單字,koala,n.,koalas
800單字,lack,n./v.,"lacks, lacking, lacked"
800單字,lady,n.,ladies
800單字,lamb,n./v.,"lambs, lambing, lambed"
800單字,lantern,n.,lanterns
800單字,latest,adj.,
800單字,latter,n./adj.,
800單字,law,n.,laws
800單字,lay,n./v./adj.,"lays, laying, laid"
800單字,leaf,n./v.,"leaves, leafs, leafing, leafed"
800單字,lettuce,n.,lettuces
800單字,lick,n./v.,"licks, licking, licked"
800單字,lid,n./v.,"lids, lidding, lidded"
800單字,lift,n./v.,"lifts, lifting, lifted"
800單字,lightning,n./v.,"lightnings, lightninged"
800單字,likely,adj./adv.,"likelier, likeliest"
800單字,limit,n./v.,"limits, limiting, limited"
800單字,link,n./v.,"links, linking, linked"
800單字,liquid,n./adj.,liquids
800單字,liter,n.,liters
800單字,loaf,n./v.,"loaves, loafs, loafing, loafed"
800單字,local,n./adj.,locals
800單字,lock,n./v.,"locks, locking, locked"
800單字,locker,n.,lockers
800單字,loser,n.,losers
800單字,ma'am,n.,
800單字,magazine,n.,magazines
800單字,magician,n.,magicians
800單字,major,n./v./adj.,"majors, majoring, majored"
800單字,male,n./adj.,males
800單字,mall,n.,malls
800單字,manager,n.,managers
800單字,mango,n.,"mangoes, mangos"
800單字,manner,n.,manners
800單字,marry,v.,"marries, marrying, married"
800單字,marvelous,adj.,
800單字,mass,n./v./adj.,"masses, massing, massed"
800單字,master,n./v./adj.,"masters, mastering, mastered"
800單字,mat,n./v./adj.,"mats, matting, matted"
800單字,match,n./v.,"matches, matching, matched"
800單字,maximum,n./adj.,"maximums, maxima"
800單字,meaning,n.,meanings
800單字,measure,n./v.,"measures, measuring, measured"
800單字,mechanic,n./adj.,mechanics
800單字,memory,n.,memories
800單字,men's room,n./v.,"men's rooms, men's rooming, men's roomed"
800單字,message,n./v.,"messages, messaging, messaged"
800單字,metal,n./v.,"metals, metaling, metalling, metaled, metalled"
800單字,meter,n./v.,"meters, metering, metered"
800單字,method,n.,methods
800單字,microwave,n./v.,"microwaves, microwaving, microwaved"
800單字,midnight,n.,
800單字,minor,n./v./adj.,"minors, minoring, minored"
800單字,minus,n./adj.,minuses
800單字,mirror,n./v.,"mirrors, mirroring, mirrored"
800單字,mix,n./v.,"mixes, mixing, mixed"
800單字,model,n./v.,"models, modeling, modelling, modeled, modelled"
800單字,monster,n.,monsters
800單字,mosquito,n.,"mosquitoes, mosquitos"
800單字,motion,n./v.,"motions, motioning, motioned"
800單字,movement,n.,movements
800單字,MRT,n.,
800單字,musician,n.,musicians
800單字,napkin,n.,napkins
800單字,narrow,v./adj.,"narrows, narrowing, narrowed, narrower, narrowest"
800單字,nation,n.,nations
800單字,natural,n./adj.,naturals
800單字,naughty,adj.,"naughtier, naughtiest"
800單字,nearly,adv.,
800單字,necessary,n./adj.,necessaries
800單字,necklace,n.,necklaces
800單字,needle,n./v.,"needles, needling, needled"
800單字,negative,n./v./adj.,"negatives, negativing, negatived"
800單字,neither,pron.,
800單字,nephew,n.,nephews
800單字,nervous,adj.,
800單字,nest,n./v.,"nests, nesting, nested"
800單字,net,n./v./adj.,"nets, netting, netted"
800單字,nice-looking,adj.,
800單字,niece,n.,nieces
800單字,nod,v.,"nods, nodding, nodded"
800單字,none,pron.,
800單字,nor,conj.,
800單字,novel,n./adj.,novels
800單字,nut,n./v.,"nuts, nutting, nutted"
800單字,obey,v.,"obeys, obeying, obeyed"
800單字,object,n./v.,"objects, objecting, objected"
800單字,ocean,n.,oceans
800單字,offer,n./v.,"offers, offering, offered"
800單字,omit,v.,"omits, omitting, omitted"
800單字,oneself,pron.,
800單字,onion,n.,onions
800單字,operation,n.,operations
800單字,opinion,n.,opinions
800單字,ordinary,adj.,
800單字,oven,n.,ovens
800單字,overpass,n./v.,"overpasses, overpassing, overpassed"
800單字,overseas,adj./adv.,
800單字,over-weight,n./v.,"over-weights, over-weighting, over-weighted"
800單字,owner,n.,owners
800單字,ox,n.,oxen
800單字,pain,n./v.,"pains, paining, pained"
800單字,painful,adj.,
800單字,painter,n.,painters
800單字,pajamas,n.,
800單字,pale,n./v./adj.,"pales, paling, paled, paler, palest"
800單字,pan,v.,"pans, panning, panned"
800單字,panda,n.,pandas
800單字,pardon,n./v.,"pardons, pardoning, pardoned"
800單字,parking lot,n.,parking lots
800單字,parrot,n./v.,"parrots, parroting, parroted"
800單字,partner,n./v.,"partners, partnering, partnered"
800單字,passenger,n.,passengers
800單字,path,n.,paths
800單字,patient,n./adj.,patients
800單字,pattern,n./v.,"patterns, patterning, patterned"
800單字,pause,n./v.,"pauses, pausing, paused"
800單字,peace,n.,
800單字,peaceful,adj.,
800單字,pepper,n./v.,"peppers, peppering, peppered"
800單字,perfect,n./v./adj.,"perfects, perfecting, perfected"
800單字,period,n./adj.,periods
800單字,personal,n./adj.,personals
800單字,physics,n.,
800單字,pigeon,n.,pigeons
800單字,pile,n./v.,"piles, piling, piled"
800單字,pillow,n./v.,"pillows, pillowing, pillowed"
800單字,pineapple,n.,pineapples
800單字,plain,n./adj.,"plains, plainer, plainest"
800單字,platform,n.,platforms
800單字,pleasant,adj.,"pleasanter, pleasantest"
800單字,pleased,adj.,
800單字,plus,n./adj.,"pluses, plusses"
800單字,poem,n.,poems
800單字,poison,n./v.,"poisons, poisoning, poisoned"
800單字,pollute,v.,"pollutes, polluting, polluted"
800單字,pollution,n.,pollutions
800單字,pop music,n.,
800單字,population,n.,populations
800單字,position,n./v.,"positions, positioning, positioned"
800單字,positive,n./adj.,positives
800單字,potato,n.,potatoes
800單字,powder,n./v.,"powders, powdering, powdered"
800單字,praise,n./v.,"praises, praising, praised"
800單字,precious,adj.,
800單字,president,n.,presidents
800單字,pressure,n./v.,"pressures, pressuring, pressured"
800單字,priest,n.,priests
800單字,primary,n./adj.,primaries
800單字,prince,n.,princes
800單字,princess,n.,princesses
800單字,principal,n./adj.,principals
800單字,principle,n.,principles
800單字,print,n./v.,"prints, printing, printed"
800單字,printer,n.,printers
800單字,private,n./adj.,privates
800單字,produce,n./v.,"produces, producing, produced"
800單字,production,n.,productions
800單字,professor,n.,professors
800單字,progress,n./v.,"progresses, progressing, progressed"
800單字,project,n./v.,"projects, projecting, projected"
800單字,promise,n./v.,"promises, promising, promised"
800單字,pronounce,v.,"pronounces, pronouncing, pronounced"
800單字,protect,v.,"protects, protecting, protected"
800單字,provide,v.,"provides, providing, provided"
800單字,pump,n./v.,"pumps, pumping, pumped"
800單字,punish,v.,"punishes, punishing, punished"
800單字,purpose,n./v.,"purposes, purposing, purposed"
800單字,purse,n./v.,"purses, pursing, pursed"
800單字,puzzle,n./v.,"puzzles, puzzling, puzzled"
800單字,quit,n./v.,"quits, quitting, quitted"
800單字,railroad,n./v.,"railroads, railroading, railroaded"
800單字,railway,n.,railways
800單字,raincoat,n.,raincoats
800單字,rare,adj.,"rarer, rarest"
800單字,rather,adv.,
800單字,realize,v.,"realizes, realizing, realized"
800單字,receive,v.,"receives, receiving, received"
800單字,record,n./v./adj.,"records, recording, recorded"
800單字,recover,v.,"recovers, recovering, recovered"
800單字,rectangle,n.,rectangles
800單字,recycle,v.,"recycles, recycling, recycled"
800單字,refuse,n./v.,"refuses, refusing, refused"
800單字,regret,n./v.,"regrets, regretting, regretted"
800單字,regular,n./adj.,regulars
800單字,reject,n./v.,"rejects, rejecting, rejected"
800單字,remind,v.,"reminds, reminding, reminded"
800單字,rent,n./v.,"rents, renting, rented"
800單字,repair,n./v.,"repairs, repairing, repaired"
800單字,respect,n./v.,"respects, respecting, respected"
800單字,responsible,n.,responsibles
800單字,result,n./v.,"results, resulting, resulted"
800單字,return,n./v.,"returns, returning, returned"
800單字,review,n./v.,"reviews, reviewing, reviewed"
800單字,revise,v.,"revises, revising, revised"
800單字,rob,v.,"robs, robbing, robbed"
800單字,role,n.,roles
800單字,roller skate,n./v.,"roller skates, roller skating, roller skated"
800單字,roller blade,n.,roller blades
800單字,roof,n./v.,"roofs, rooves, roofing, roofed"
800單字,rub,n./v.,"rubs, rubbing, rubbed"
800單字,rubber,n.,rubbers
800單字,rude,adj.,"ruder, rudest"
800單字,ruin,n./v.,"ruins, ruining, ruined"
800單字,rush,n./v.,"rushes, rushing, rushed"
800單字,safety,n.,safeties
800單字,sailor,n.,sailors
800單字,sample,n./v.,"samples, sampling, sampled"
800單字,sand,n./v.,"sands, sanding, sanded"
800單字,satisfy,v.,"satisfies, satisfying, satisfied"
800單字,saucer,n.,saucers
800單字,scarf,n.,"scarves, scarfs"
800單字,scene,n.,scenes
800單字,scenery,n.,
800單字,scientist,n.,scientists
800單字,score,n./v.,"scores, scoring, scored"
800單字,seafood,n.,seafoods
800單字,search,n./v.,"searches, searching, searched"
800單字,secondary,n./adj.,secondaries
800單字,secret,n./adj.,secrets
800單字,section,n./v.,"sections, sectioning, sectioned"
800單字,seek,v.,"seeks, seeking, sought"
800單字,seem,v.,"seems, seeming, seemed"
800單字,select,v.,"selects, selecting, selected"
800單字,selfish,adj.,
800單字,semester,n.,semesters
800單字,sense,n./v.,"senses, sensing, sensed"
800單字,servant,n.,servants
800單字,serve,n./v.,"serves, serving, served"
800單字,shall,v.,should
800單字,shark,n.,sharks
800單字,sheet,n./v.,"sheets, sheeting, sheeted"
800單字,shelf,n.,shelves
800單字,shoot,n./v.,"shoots, shooting, shot"
800單字,shore,n./v.,"shores, shoring, shored"
800單字,shrimp,n.,shrimps
800單字,shut,v.,"shuts, shutting"
800單字,silence,n./v.,"silences, silencing, silenced"
800單字,silent,adj.,
800單字,silly,n./adj.,"sillies, sillier, silliest"
800單字,silver,n./v./adj.,"silvers, silvering, silvered"
800單字,similar,adj.,
800單字,sincere,adj.,"sincerer, sincerest"
800單字,single,n./v./adj.,"singles, singling, singled"
800單字,sink,n./v.,"sinks, sinking, sank, sunk"
800單字,skate,n./v.,"skates, skating, skated"
800單字,ski,n./v.,"skis, skiis, skiing, skied, ski'd"
800單字,skill,n./v.,"skills, skilling, skilled"
800單字,skillful,adj.,
800單字,skin,n./v.,"skins, skinning, skinned"
800單字,skinny,adj.,"skinnier, skinniest"
800單字,sleepy,adj.,"sleepier, sleepiest"
800單字,slender,adj.,"slenderer, slenderest"
800單字,slice,n./v.,"slices, slicing, sliced"
800單字,slippers,n.,
800單字,snail,n.,snails
800單字,sneakers,n.,
800單字,sneaky,adj.,"sneakier, sneakiest"
800單字,snowman,n.,snowmen
800單字,soap,n./v.,"soaps, soaping, soaped"
800單字,social,n./adj.,socials
800單字,society,n.,societies
800單字,soda,n.,sodas
800單字,soft drink,n./v.,"soft drinks, soft drinking, soft drank, soft drunk"
800單字,softball,n.,softballs
800單字,solve,v.,"solves, solving, solved"
800單字,soul,n./adj.,souls
800單字,sour,v./adj.,"sours, souring, soured, sourer, sourest"
800單字,soy-sauce,n.,soy-sauces
800單字,spaghetti,n.,
800單字,speaker,n.,speakers
800單字,speech,n.,speeches
800單字,speed,n./v.,"speeds, speeding, sped, speeded"
800單字,spirit,n./v.,"spirits, spiriting, spirited"
800單字,spot,n./v.,"spots, spotting, spotted"
800單字,spread,n./v.,"spreads, spreading"
800單字,state,n./v.,"states, stating, stated"
800單字,stationery,n.,
800單字,steal,n./v.,"steals, stealing, stole, stolen"
800單字,steam,n./v.,"steams, steaming, steamed"
800單字,step,n./v.,"steps, stepping, stepped"
800單字,stingy,adj.,"stingier, stingiest"
800單字,stomachache,n.,stomachaches
800單字,stone,n./v.,"stones, stoning, stoned"
800單字,storm,n./v.,"storms, storming, stormed"
800單字,stormy,adj.,"stormier, stormiest"
800單字,stove,n.,stoves
800單字,straw,n.,straws
800單字,stream,n./v.,"streams, streaming, streamed"
800單字,strike,n./v.,"strikes, striking, struck, stricken"
800單字,style,n./v.,"styles, styling, styled"
800單字,subway,n.,subways
800單字,succeed,v.,"succeeds, succeeding, succeeded"
800單字,success,n.,successes
800單字,such,adj.,
800單字,sudden,adj.,
800單字,suggest,v.,"suggests, suggesting, suggested"
800單字,suit,n./v.,"suits, suiting, suited"
800單字,super,n./adj./adv.,supers
800單字,supper,n.,suppers
800單字,support,n./v.,"supports, supporting, supported"
800單字,survive,v.,"survives, surviving, survived"
800單字,swallow,n./v.,"swallows, swallowing, swallowed"
800單字,swan,n./v.,"swans, swanning, swanned"
800單字,sweep,n./v.,"sweeps, sweeping, swept"
800單字,swimsuit,n.,swimsuits
800單字,symbol,n.,symbols
800單字,system,n.,systems
800單字,table tennis,n.,
800單字,talent,n.,talents
800單字,talkative,adj.,
800單字,tangerine,n./adj.,tangerines
800單字,tank,n./v.,"tanks, tanking, tanked"
800單字,teapot,n.,teapots
800單字,tear,n./v.,"tears, tearing, tore, teared, torn"
800單字,temperature,n.,temperatures
800單字,tent,n./v.,"tents, tenting, tented"
800單字,term,n./v.,"terms, terming, termed"
800單字,terrific,adj.,
800單字,textbook,n.,textbooks
800單字,therefore,adv.,
800單字,thief,n.,thieves
800單字,thought,n.,thoughts
800單字,thumb,n./v.,"thumbs, thumbing, thumbed"
800單字,thunder,n./v.,"thunders, thundering, thundered"
800單字,till,n./v.,"tills, tilling, tilled"
800單字,tiny,adj.,"tinier, tiniest"
800單字,title,n./v.,"titles, titling, titled"
800單字,tofu,n.,tofus
800單字,toilet,n.,toilets
800單字,tongue,n./v.,"tongues, tonguing, tongued"
800單字,toothache,n.,toothaches
800單字,toothbrush,n.,toothbrushes
800單字,toward,prep.,
800單字,tower,n./v.,"towers, towering, towered"
800單字,trace,n./v.,"traces, tracing, traced"
800單字,trade,n./v.,"trades, trading, traded"
800單字,tradition,n.,traditions
800單字,traditional,adj.,
800單字,trap,n./v.,"traps, trapping, trapped"
800單字,travel,n./v.,"travels, traveling, travelling, traveled, travelled"
800單字,treasure,n./v.,"treasures, treasuring, treasured"
800單字,triangle,n.,triangles
800單字,trousers,n.,
800單字,trumpet,n./v.,"trumpets, trumpeting, trumpeted"
800單字,trust,n./v.,"trusts, trusting, trusted"
800單字,truth,n.,truths
800單字,tub,n.,tubs
800單字,tube,n.,tubes
800單字,tunnel,n./v.,"tunnels, tunneling, tunnelling, tunneled, tunnelled"
800單字,turkey,n.,turkeys
800單字,underline,n./v.,"underlines, underlining, underlined"
800單字,underpass,n.,underpasses
800單字,underwear,n.,
800單字,unique,adj.,
800單字,universe,n.,universes
800單字,university,n.,universities
800單字,upon,prep.,
800單字,upper,n./adj.,uppers
800單字,upstairs,n./adj./adv.,
800單字,usual,adj.,
800單字,valley,n.,valleys
800單字,valuable,n./adj.,valuables
800單字,value,n./v.,"values, valuing, valued"
800單字,vendor,n.,vendors
800單字,vest,n./v.,"vests, vesting, vested"
800單字,victory,n.,victories
800單字,village,n.,villages
800單字,vinegar,n.,vinegars
800單字,vocabulary,n.,vocabularies
800單字,volleyball,n.,volleyballs
800單字,vote,n./v.,"votes, voting, voted"
800單字,waist,n.,waists
800單字,war,n./v.,"wars, warring, warred"
800單字,waste,n./v./adj.,"wastes, wasting, wasted"
800單字,waterfalls,n.,
800單字,wedding,n.,weddings
800單字,weekday,n.,weekdays
800單字,weight,n./v.,"weights, weighting, weighted"
800單字,whale,n.,whales
800單字,wheel,n./v.,"wheels, wheeling, wheeled"
800單字,whole,n./adj.,wholes
800單字,wild,n./adj./adv.,"wilds, wilder, wildest"
800單字,wing,n./v.,"wings, winging, winged"
800單字,winner,n.,winners
800單字,wok,n.,woks
800單字,wolf,n./v.,"wolves, wolfs, wolfing, wolfed"
800單字,women's room,n./v.,"women's rooms, women's rooming, women's roomed"
800單字,wood,n./v./adj.,"woods, wooding, wooded"
800單字,woods,n.,
800單字,worm,n./v.,"worms, worming, wormed"
800單字,wound,n./v.,"wounds, wounding, wounded"
800單字,wrist,n.,wrists
800單字,yell,n./v.,"yells, yelling, yelled"
800單字,youth,n.,youths
1200單字,a,art.,
1200單字,an,art.,
1200單字,a few,adj.,"a fewer, a fewest"
1200單字,a little,n./adj./adv.,"a littler, a littlest"
1200單字,a lot,n.,a lots
1200單字,a.m.,n.,
1200單字,able,adj.,"abler, ablest"
1200單字,about,adj./adv.,
1200單字,above,n./adj./adv.,
1200單字,abroad,adv.,
1200單字,across,adv.,
1200單字,act,v.,"acts, acting, acted"
1200單字,action,n./v.,"actions, actioning, actioned"
1200單字,actor,n.,actors
1200單字,actress,n.,actresses
1200單字,actually,adv.,
1200單字,afraid,adj.,
1200單字,after,adj./adv.,
1200單字,afternoon,n./adj.,afternoons
1200單字,again,adv.,
1200單字,age,n./v.,"ages, aging, ageing, aged"
1200單字,ago,adj./adv.,
1200單字,agree,v.,"agrees, agreeing, agreed"
1200單字,ahead,adj./adv.,
1200單字,air,n./v.,"airs, airing, aired"
1200單字,airplane,n.,airplanes
1200單字,plane,n./v./adj.,"planes, planing, planed"
1200單字,airport,n.,airports
1200單字,all,pron.,
1200單字,allow,v.,"allows, allowing, allowed"
1200單字,almost,adv.,
1200單字,along,adv.,
1200單字,already,adv.,
1200單字,also,adv.,
1200單字,always,adv.,
1200單字,America,n.,
1200單字,American,n./adj.,
1200單字,and,conj.,
1200單字,angle,n./v.,"angles, angling, angled"
1200單字,angry,adj.,"angrier, angriest"
1200單字,animal,n./adj.,animals
1200單字,another,pron./adj.,
1200單字,answer,n./v.,"answers, answering, answered"
1200單字,ant,n.,ants
1200單字,any,pron.,
1200單字,anyone,pron.,
1200單字,anybody,pron.,
1200單字,anything,pron.,
1200單字,apartment,n.,apartments
1200單字,appear,v.,"appears, appearing, appeared"
1200單字,apple,n.,apples
1200單字,April,n.,
1200單字,area,n.,"areas, areae"
1200單字,arm,n./v.,"arms, arming, armed"
1200單字,around,adv.,
1200單字,arrive,v.,"arrives, arriving, arrived"
1200單字,art,n.,arts
1200單字,as,adv.,
1200單字,ask,v.,"asks, asking, asked"
1200單字,at,prep.,
1200單字,attack,n./v.,"attacks, attacking, attacked"
1200單字,August,adj.,
1200單字,aunt,n.,aunts
1200單字,autumn,n.,autumns
1200單字,fall,n./v.,"falls, falling, fell, fallen"
1200單字,away,adj./adv.,
1200單字,baby,n./v.,"babies, babying, babied"
1200單字,back,n./v./adj./adv.,"backs, backing, backed"
1200單字,bad,adj./adv.,"worse, worst"
1200單字,badminton,n.,
1200單字,bag,n./v.,"bags, bagging, bagged"
1200單字,bake,v.,"bakes, baking, baked"
1200單字,bakery,n.,bakeries
1200單字,balcony,n.,balconies
1200單字,banana,n.,bananas
1200單字,band,n./v.,"bands, banding, banded"
1200單字,bank,n./v.,"banks, banking, banked"
1200單字,baseball,n.,baseballs
1200單字,basket,n./v.,"baskets, basketing, basketed"
1200單字,basketball,n.,basketballs
1200單字,bat,n./v.,"bats, batting, batted"
1200單字,bath,n./v.,"baths, bathing, bathed"
1200單字,bathroom,n.,bathrooms
1200單字,be,v.,"is, being, was, were, been"
1200單字,am,aux.,
1200單字,is,aux.,
1200單字,are,aux.,
1200單字,was,aux.,
1200單字,were,aux.,
1200單字,been,aux.,
1200單字,beach,n./v.,"beaches, beaching, beached"
1200單字,bean,n.,beans
1200單字,bear,n./v.,"bears, bearing, bore, born, borne"
1200單字,beautiful,adj.,
1200單字,because,conj.,
1200單字,become,v.,"becomes, becoming, became"
1200單字,bed,n./v.,"beds, bedding, bedded"
1200單字,bedroom,n.,bedrooms
1200單字,bee,n.,bees
1200單字,beef,n./v.,"beeves, beefs, beefing, beefed"
1200單字,before,adv.,
1200單字,begin,v.,"begins, beginning, began, begun"
1200單字,behind,n./adv.,behinds
1200單字,believe,v.,"believes, believing, believed"
1200單字,bell,n./v.,"bells, belling, belled"
1200單字,belong,v.,"belongs, belonging, belonged"
1200單字,below,adv.,
1200單字,belt,n./v.,"belts, belting, belted"
1200單字,bench,n.,benches
1200單字,beside,prep.,
1200單字,between,adv.,
1200單字,bicycle,n./v.,"bicycles, bicycling, bicycled"
1200單字,bike,n./v.,"bikes, biking, biked"
1200單字,big,adj.,"bigger, biggest"
1200單字,bird,n.,birds
1200單字,birthday,n.,birthdays
1200單字,bite,n./v.,"bites, biting, bit, bitten"
1200單字,black,n./v./adj.,"blacks, blacking, blacked, blacker, blackest"
1200單字,blackboard,n.,blackboards
1200單字,blank,n./v./adj.,"blanks, blanking, blanked"
1200單字,blanket,n./v.,"blankets, blanketing, blanketed"
1200單字,blind,n./v./adj.,"blinds, blinding, blinded, blinder, blindest"
1200單字,block,n./v.,"blocks, blocking, blocked"
1200單字,blow,n./v.,"blows, blowing, blew, blown"
1200單字,blue,n./v./adj.,"blues, blueing, bluing, blued, blueer, blueest"
1200單字,boat,n./v.,"boats, boating, boated"
1200單字,body,n.,bodies
1200單字,boil,n./v.,"boils, boiling, boiled"
1200單字,book,n./v.,"books, booking, booked"
1200單字,bookstore,n.,bookstores
1200單字,bored,adj.,
1200單字,boring,adj.,
1200單字,born,adj.,
1200單字,borrow,v.,"borrows, borrowing, borrowed"
1200單字,boss,n./v.,"bosses, bossing, bossed"
1200單字,both,pron.,
1200單字,bottle,n./v.,"bottles, bottling, bottled"
1200單字,bottom,n./v.,"bottoms, bottoming, bottomed"
1200單字,bow,n./v.,"bows, bowing, bowed"
1200單字,bowl,n./v.,"bowls, bowling, bowled"
1200單字,box,n./v.,"boxes, boxing, boxed"
1200單字,boy,n.,boys
1200單字,brave,n./v./adj.,"braves, braving, braved, braver, bravest"
1200單字,bread,n.,breads
1200單字,break,n./v.,"breaks, breaking, broke, broken"
1200單字,breakfast,n./v.,"breakfasts, breakfasting, breakfasted"
1200單字,bridge,n./v.,"bridges, bridging, bridged"
1200單字,bright,adj.,"brighter, brightest"
1200單字,bring,v.,"brings, bringing, brought"
1200單字,brother,n.,brothers
1200單字,brown,n./v./adj.,"browns, browning, browned, browner, brownest"
1200單字,brush,n./v.,"brushes, brushing, brushed"
1200單字,bug,n./v.,"bugs, bugging, bugged"
1200單字,build,n./v.,"builds, building, built"
1200單字,bun,n.,buns
1200單字,burn,n./v.,"burns, burning, burned, burnt"
1200單字,bus,n./v.,"buses, busses, busing, bussing, bused, bussed"
1200單字,business,n.,businesses
1200單字,businessman,n.,businessmen
1200單字,busy,v./adj.,"busies, busying, busied, busier, busiest"
1200單字,but,conj.,
1200單字,butter,n./v.,"butters, buttering, buttered"
1200單字,butterfly,n.,butterflies
1200單字,button,n./v.,"buttons, buttoning, buttoned"
1200單字,buy,n./v.,"buys, buying, bought"
1200單字,by,adv.,
1200單字,cake,n./v.,"cakes, caking, caked"
1200單字,call,n./v.,"calls, calling, called"
1200單字,camera,n.,"cameras, camerae"
1200單字,camp,n./v./adj.,"camps, camping, camped"
1200單字,can,v.,could
1200單字,could,aux.,
1200單字,candle,n./v.,"candles, candling, candled"
1200單字,candy,n./v.,"candies, candying, candied"
1200單字,cap,n./v.,"caps, capping, capped"
1200單字,car,n.,cars
1200單字,card,n./v.,"cards, carding, carded"
1200單字,care,n./v.,"cares, caring, cared"
1200單字,careful,adj.,
1200單字,carry,v.,"carries, carrying, carried"
1200單字,case,n./v.,"cases, casing, cased"
1200單字,castle,n./v.,"castles, castling, castled"
1200單字,cat,n./v.,"cats, catting, catted"
1200單字,catch,n./v.,"catches, catching, caught"
1200單字,celebrate,v.,"celebrates, celebrating, celebrated"
1200單字,cellphone,n.,
1200單字,cent,n.,cents
1200單字,center,n./v.,"centers, centering, centered"
1200單字,centimeter,n.,centimeters
1200單字,chair,n./v.,"chairs, chairing, chaired"
1200單字,chalk,n./v.,"chalks, chalking, chalked"
1200單字,chance,n./v./adj.,"chances, chancing, chanced"
1200單字,change,n./v.,"changes, changing, changed"
1200單字,cheap,adj.,"cheaper, cheapest"
1200單字,cheat,n./v.,"cheats, cheating, cheated"
1200單字,check,n./v.,"checks, checking, checked"
1200單字,cheer,n./v.,"cheers, cheering, cheered"
1200單字,cheese,n.,cheeses
1200單字,chicken,n./v.,"chickens, chickening, chickened"
1200單字,child,n.,children
1200單字,China,n.,chinas
1200單字,Chinese,n./adj.,
1200單字,chocolate,n./adj.,chocolates
1200單字,choice,n./adj.,"choices, choicer, choicest"
1200單字,choose,v.,"chooses, choosing, chose, chosen"
1200單字,chopsticks,n.,
1200單字,Christmas,n.,
1200單字,church,n.,churches
1200單字,circle,n./v.,"circles, circling, circled"
1200單字,city,n.,cities
1200單字,clap,n./v.,"claps, clapping, clapped"
1200單字,class,n./v.,"classes, classing, classed"
1200單字,classmate,n.,classmates
1200單字,classroom,n.,classrooms
1200單字,clean,n./v./adj./adv.,"cleans, cleaning, cleaned, cleaner, cleanest"
1200單字,clear,n./v./adj./adv.,"clears, clearing, cleared, clearer, clearest"
1200單字,clerk,n./v.,"clerks, clerking, clerked"
1200單字,climb,n./v.,"climbs, climbing, climbed"
1200單字,clock,n./v.,"clocks, clocking, clocked"
1200單字,close,n./v./adj./adv.,"closes, closing, closed, closer, closest"
1200單字,clothes,n.,
1200單字,cloud,n./v.,"clouds, clouding, clouded"
1200單字,cloudy,adj.,"cloudier, cloudiest"
1200單字,club,n./v.,"clubs, clubbing, clubbed"
1200單字,coat,n./v.,"coats, coating, coated"
1200單字,coffee,n.,coffees
1200單字,cold,n./adj./adv.,"colds, colder, coldest"
1200單字,collect,n./v./adj./adv.,"collects, collecting, collected"
1200單字,color,n./v.,"colors, coloring, colored"
1200單字,comb,n./v.,"combs, combing, combed"
1200單字,come,v.,"comes, coming, came"
1200單字,comfortable,adj.,
1200單字,comic,n./adj.,comics
1200單字,common,n./adj.,"commons, commoner, commonest"
1200單字,computer,n.,computers
1200單字,convenient,adj.,
1200單字,cook,n./v.,"cooks, cooking, cooked"
1200單字,cookie,n.,cookies
1200單字,cool,n./v./adj.,"cools, cooling, cooled, cooler, coolest"
1200單字,copy,n./v.,"copies, copying, copied"
1200單字,corner,n./v./adj.,"corners, cornering, cornered"
1200單字,correct,v./adj.,"corrects, correcting, corrected"
1200單字,cost,n./v.,"costs, costing, costed"
1200單字,couch,n./v.,"couches, couching, couched"
1200單字,count,n./v.,"counts, counting, counted"
1200單字,country,n./adj.,countries
1200單字,course,n./v.,"courses, coursing, coursed"
1200單字,cousin,n.,cousins
1200單字,cover,n./v.,"covers, covering, covered"
1200單字,cow,n./v.,"cows, cowing, cowed"
1200單字,crazy,adj.,"crazier, craziest"
1200單字,cross,n./v./adj.,"crosses, crossing, crossed, crosser, crossest"
1200單字,cry,n./v.,"cries, crying, cried"
1200單字,cup,n./v.,"cups, cupping, cupped"
1200單字,cut,n./v.,"cuts, cutting"
1200單字,cute,adj.,"cuter, cutest"
1200單字,dance,n./v.,"dances, dancing, danced"
1200單字,dangerous,adj.,
1200單字,dark,n./adj.,"darker, darkest"
1200單字,date,n./v.,"dates, dating, dated"
1200單字,daughter,n./adj.,daughters
1200單字,day,n.,days
1200單字,dead,adj./adv.,"deader, deadest"
1200單字,deal,n./v.,"deals, dealing, dealt"
1200單字,dear,n./adj.,"dears, dearer, dearest"
1200單字,death,n.,deaths
1200單字,December,n.,
1200單字,decide,v.,"decides, deciding, decided"
1200單字,deep,adj./adv.,"deeper, deepest"
1200單字,define,v.,"defines, defining, defined"
1200單字,delicious,adj.,
1200單字,dentist,n.,dentists
1200單字,department store,n./v.,"department stores, department storing, department stored"
1200單字,desk,n.,desks
1200單字,dictionary,n.,dictionaries
1200單字,die,n./v.,"dies, dice, dying, died"
1200單字,different,adj.,
1200單字,difficult,adj.,
1200單字,dig,n./v.,"digs, digging, dug"
1200單字,dining room,n./v.,"dining rooms, dining rooming, dining roomed"
1200單字,dinner,n.,dinners
1200單字,dirty,v./adj.,"dirties, dirtying, dirtied, dirtier, dirtiest"
1200單字,dish,n./v.,"dishes, dishing, dished"
1200單字,do,v.,"does, doing, did, done"
1200單字,does,aux.,
1200單字,did,aux.,
1200單字,done,adj.,
1200單字,doctor,n./v.,"doctors, doctoring, doctored"
1200單字,doctor,n./v.,"doctors, doctoring, doctored"
1200單字,dog,n./v.,"dogs, dogging, dogged"
1200單字,doll,n./v.,"dolls, dolling, dolled"
1200單字,dollar,n.,dollars
1200單字,door,n.,doors
1200單字,dot,n./v.,"dots, dotting, dotted"
1200單字,down,n./v./adv.,"downs, downing, downed"
1200單字,download,n./v.,"downloads, downloading, downloaded"
1200單字,dozen,n.,dozens
1200單字,draw,n./v.,"draws, drawing, drew, drawn"
1200單字,drawer,n.,drawers
1200單字,dream,n./v.,"dreams, dreaming, dreamed, dreamt"
1200單字,dress,n./v./adj.,"dresses, dressing, dressed"
1200單字,drink,n./v.,"drinks, drinking, drank, drunk"
1200單字,drive,n./v.,"drives, driving, drove, driven"
1200單字,driver,n.,drivers
1200單字,drop,n./v.,"drops, dropping, dropped"
1200單字,drum,n./v.,"drums, drumming, drummed"
1200單字,dry,v./adj.,"dries, drying, dried, drier, driest"
1200單字,duck,n./v.,"ducks, ducking, ducked"
1200單字,during,prep.,
1200單字,each,pron.,
1200單字,ear,n./v.,"ears, earing, eared"
1200單字,early,adj./adv.,"earlier, earliest"
1200單字,earth,n./v.,"earths, earthing, earthed"
1200單字,earthquake,n.,earthquakes
1200單字,east,n./adv.,
1200單字,Easter,n.,
1200單字,easy,adj./adv.,"easier, easiest"
1200單字,eat,v.,"eats, eating, ate, eaten"
1200單字,egg,n./v.,"eggs, egging, egged"
1200單字,eight,num.,
1200單字,eighteen,num.,
1200單字,eighty,n./adj.,eighties
1200單字,either,adv.,
1200單字,elementary school,n./v.,"elementary schools, elementary schooling, elementary schooled"
1200單字,elephant,n.,elephants
1200單字,eleven,num.,
1200單字,else,adv.,
1200單字,e-mail,n./v.,"e-mails, e-mailing, e-mailed"
1200單字,end,n./v.,"ends, ending, ended"
1200單字,engineer,n./v.,"engineers, engineering, engineered"
1200單字,English,n./adj.,
1200單字,enjoy,v.,"enjoys, enjoying, enjoyed"
1200單字,enough,adj./adv.,
1200單字,enter,v.,"enters, entering, entered"
1200單字,envelope,n.,envelopes
1200單字,eraser,n.,erasers
1200單字,error,n.,errors
1200單字,eve,n.,
1200單字,even,v./adj./adv.,"evens, evening, evened"
1200單字,evening,n.,evenings
1200單字,ever,adv.,
1200單字,every,adj.,
1200單字,everyone,pron.,
1200單字,everybody,pron.,
1200單字,everything,pron.,
1200單字,example,n.,examples
1200單字,excellent,adj.,
1200單字,except,v.,"excepts, excepting, excepted"
1200單字,excited,adj.,
1200單字,exciting,adj.,
1200單字,excuse,n./v.,"excuses, excusing, excused"
1200單字,exercise,n./v.,"exercises, exercising, exercised"
1200單字,expect,v.,"expects, expecting, expected"
1200單字,expensive,adj.,
1200單字,experience,n./v.,"experiences, experiencing, experienced"
1200單字,explain,v.,"explains, explaining, explained"
1200單字,eye,n./v.,"eyes, eyeing, eying, eyed"
1200單字,face,n./v.,"faces, facing, faced"
1200單字,fact,n.,facts
1200單字,factory,n.,factories
1200單字,fail,n./v.,"fails, failing, failed"
1200單字,fall,n./v.,"falls, falling, fell, fallen"
1200單字,family,n.,families
1200單字,famous,adj.,
1200單字,fan,n./v.,"fans, fanning, fanned"
1200單字,far,adj./adv.,"farther, further, farthest, furthest"
1200單字,farm,n./v.,"farms, farming, farmed"
1200單字,farmer,n.,farmers
1200單字,fast,n./v./adj./adv.,"fasts, fasting, fasted, faster, fastest"
1200單字,fat,n./v./adj.,"fats, fatting, fatted, fatter, fattest"
1200單字,father,n./v.,"fathers, fathering, fathered"
1200單字,dad,n.,dads
1200單字,daddy,n.,daddies
1200單字,favorite,n./adj.,favorites
1200單字,February,n.,
1200單字,feed,n./v.,"feeds, feeding, fed"
1200單字,feel,v.,"feels, feeling, felt"
1200單字,festival,n.,festivals
1200單字,fever,n./v.,"fevers, fevering, fevered"
1200單字,few,adj.,"fewer, fewest"
1200單字,fifteen,num.,
1200單字,fifty,num.,
1200單字,fight,n./v.,"fights, fighting, fought"
1200單字,file,n./v.,"files, filing, filed"
1200單字,fill,n./v.,"fills, filling, filled"
1200單字,finally,adv.,
1200單字,find,n./v.,"finds, finding, found"
1200單字,fine,n./v./adj./adv.,"fines, fining, fined, finer, finest"
1200單字,finger,n./v.,"fingers, fingering, fingered"
1200單字,finish,n./v.,"finishes, finishing, finished"
1200單字,fire,n./v.,"fires, firing, fired"
1200單字,first,n./adj./adv.,firsts
1200單字,fish,n./v.,"fishes, fishing, fished"
1200單字,fisherman,n.,fishermen
1200單字,five,num.,
1200單字,fix,n./v.,"fixes, fixing, fixed"
1200單字,floor,n./v.,"floors, flooring, floored"
1200單字,flower,n./v.,"flowers, flowering, flowered"
1200單字,fly,n./v.,"flies, flying, flew, flied, flown"
1200單字,follow,v.,"follows, following, followed"
1200單字,food,n.,foods
1200單字,fool,n./v./adj.,"fools, fooling, fooled"
1200單字,foot,n./v.,"feet, foots, footing, footed"
1200單字,for,prep.,
1200單字,foreign,adj.,
1200單字,foreigner,n.,foreigners
1200單字,forget,v.,"forgets, forgetting, forgot, forgotten"
1200單字,fork,n./v./adj.,"forks, forking, forked"
1200單字,forty,num.,
1200單字,four,num.,
1200單字,fourteen,num.,
1200單字,fox,n./v.,"foxes, foxing, foxed"
1200單字,free,n./v./adj./adv.,"frees, freeing, freed, freeer, freeest"
1200單字,fresh,adj.,"fresher, freshest"
1200單字,Friday,n.,
1200單字,friend,n.,friends
1200單字,friendly,adj.,"friendlier, friendliest"
1200單字,fries,n.,
1200單字,French fries,n.,
1200單字,frog,n./v.,"frogs, frogging, frogged"
1200單字,from,prep.,
1200單字,front,n./v./adj.,"fronts, fronting, fronted"
1200單字,fruit,n./v.,"fruits, fruiting, fruited"
1200單字,fry,n./v.,"fries, frying, fried"
1200單字,full,n./v./adj./adv.,"fulls, fulling, fulled, fuller, fullest"
1200單字,fun,n./adj.,
1200單字,funny,adj.,"funnier, funniest"
1200單字,future,n./adj.,futures
1200單字,game,n./v./adj.,"games, gaming, gamed, gamer, gamest"
1200單字,garden,n./v.,"gardens, gardening, gardened"
1200單字,garbage,n.,
1200單字,gas,n./v.,"gases, gasses, gassing, gassed"
1200單字,gate,n./v.,"gates, gating, gated"
1200單字,get,v.,"gets, getting, got, gotten"
1200單字,ghost,n./v.,"ghosts, ghosting, ghosted"
1200單字,giant,n./adj.,giants
1200單字,gift,n./v.,"gifts, gifting, gifted"
1200單字,girl,n.,girls
1200單字,give,n./v.,"gives, giving, gave, given"
1200單字,glad,adj.,"gladder, gladdest"
1200單字,glass,n./v.,"glasses, glassing, glassed"
1200單字,glasses,n.,
1200單字,glove,n./v.,"gloves, gloving, gloved"
1200單字,glue,n./v.,"glues, gluing, glueing, glued"
1200單字,go,n./v.,"goes, going, went, gone"
1200單字,goat,n.,goats
1200單字,god,n.,gods
1200單字,good,n./adj.,"goods, better, best"
1200單字,good-bye,interj.,
1200單字,goodbye,n.,goodbyes
1200單字,bye,interj.,
1200單字,goose,n./v.,"geese, gooses, goosing, goosed"
1200單字,grade,n./v.,"grades, grading, graded"
1200單字,gram,n.,grams
1200單字,grandfather,n./v.,"grandfathers, grandfathering, grandfathered"
1200單字,grandpa,n.,grandpas
1200單字,grandmother,n.,grandmothers
1200單字,grandma,n.,grandmas
1200單字,grape,n.,grapes
1200單字,grass,n./v.,"grasses, grassing, grassed"
1200單字,gray,n./v./adj.,"grays, graying, grayed, grayer, grayest"
1200單字,great,n./adj.,"greats, greater, greatest"
1200單字,green,n./v./adj.,"greens, greening, greened, greener, greenest"
1200單字,ground,n./v.,"grounds, grounding, grounded"
1200單字,group,n./v.,"groups, grouping, grouped"
1200單字,grow,v.,"grows, growing, grew, grown"
1200單字,guava,n.,guavas
1200單字,guess,n./v.,"guesses, guessing, guessed"
1200單字,guitar,n.,guitars
1200單字,guy,n./v.,"guys, guying, guyed"
1200單字,gym,n.,gyms
1200單字,habit,n.,habits
1200單字,hair,n.,hairs
1200單字,half,n./adv.,"halves, halfs"
1200單字,Halloween,n.,
1200單字,ham,n./v.,"hams, hamming, hammed"
1200單字,hamburger,n.,hamburgers
1200單字,burger,n.,
1200單字,hand,n./v.,"hands, handing, handed"
1200單字,handsome,adj.,"handsomer, handsomest"
1200單字,hang,v.,"hangs, hanging, hung, hanged"
1200單字,happen,v.,"happens, happening, happened"
1200單字,happy,adj.,"happier, happiest"
1200單字,hard,adj./adv.,"harder, hardest"
1200單字,hard-working,n.,hard-workings
1200單字,hat,n.,hats
1200單字,hate,n./v.,"hates, hating, hated"
1200單字,have,v.,"has, having, had"
1200單字,has,aux.,
1200單字,had,aux.,
1200單字,he,pron.,
1200單字,him,pron.,
1200單字,his,pron.,
1200單字,himself,pron.,
1200單字,head,n./v./adj.,"heads, heading, headed"
1200單字,headache,n.,headaches
1200單字,health,n.,
1200單字,healthy,adj.,"healthier, healthiest"
1200單字,hear,v.,"hears, hearing, heard"
1200單字,heart,n.,hearts
1200單字,heat,n./v.,"heats, heating, heated"
1200單字,heavy,n./adj./adv.,"heavies, heavier, heaviest"
1200單字,height,n.,heights
1200單字,hello,n.,hellos
1200單字,help,n./v.,"helps, helping, helped"
1200單字,helpful,adj.,
1200單字,hen,n.,hens
1200單字,here,adv.,
1200單字,hey,interj.,
1200單字,hi,interj.,
1200單字,hide,n./v.,"hides, hiding, hid, hidden"
1200單字,high,n./adj./adv.,"highs, higher, highest"
1200單字,hike,n./v.,"hikes, hiking, hiked"
1200單字,hill,n.,hills
1200單字,history,n.,histories
1200單字,hit,n./v.,"hits, hitting"
1200單字,hobby,n.,hobbies
1200單字,hold,n./v.,"holds, holding, held"
1200單字,holiday,n./v.,"holidays, holidaying, holidayed"
1200單字,home,n./v./adj./adv.,"homes, homing, homed"
1200單字,homework,n.,
1200單字,honest,adj.,
1200單字,honey,n.,honeys
1200單字,hope,n./v.,"hopes, hoping, hoped"
1200單字,horse,n./v.,"horses, horsing, horsed"
1200單字,hospital,n.,hospitals
1200單字,hot,v./adj.,"hots, hotting, hotted, hotter, hottest"
1200單字,hot dog,n./v.,"hot dogs, hot dogging, hot dogged"
1200單字,hotel,n.,hotels
1200單字,hour,n.,hours
1200單字,house,n./v./adj.,"houses, housing, housed"
1200單字,housewife,n.,"housewives, house wives, house-wives"
1200單字,how,n./adv.,hows
1200單字,however,adv.,
1200單字,hundred,n./adj.,hundreds
1200單字,hungry,adj.,"hungrier, hungriest"
1200單字,hunt,n./v.,"hunts, hunting, hunted"
1200單字,hurry,n./v.,"hurries, hurrying, hurried"
1200單字,hurt,n./v./adj.,"hurts, hurting"
1200單字,husband,n./v.,"husbands, husbanding, husbanded"
1200單字,I,n.,
1200單字,me,pron.,
1200單字,my,pron.,
1200單字,mine,n./v.,"mines, mining, mined"
1200單字,myself,pron.,
1200單字,ice,n./v.,"ices, icing, iced"
1200單字,ice cream,n./v./adj.,"ice creams, ice creaming, ice creamed"
1200單字,idea,n.,ideas
1200單字,if,conj.,
1200單字,important,adj.,
1200單字,in,adv.,
1200單字,inch,n./v.,"inches, inching, inched"
1200單字,insect,n.,insects
1200單字,inside,n./adj.,insides
1200單字,interest,n./v.,"interests, interesting, interested"
1200單字,interested,adj.,
1200單字,interesting,adj.,
1200單字,Internet,n.,internets
1200單字,Net,n./v./adj.,"nets, netting, netted"
1200單字,interview,n./v.,"interviews, interviewing, interviewed"
1200單字,into,prep.,
1200單字,invite,v.,"invites, inviting, invited"
1200單字,island,n.,islands
1200單字,it,pron.,
1200單字,its,pron.,
1200單字,itself,pron.,
1200單字,item,n./adv.,items
1200單字,jacket,n./v.,"jackets, jacketing, jacketed"
1200單字,January,n.,
1200單字,jeans,n.,
1200單字,job,n./v.,"jobs, jobbing, jobbed"
1200單字,jog,v.,"jogs, jogging, jogged"
1200單字,join,n./v.,"joins, joining, joined"
1200單字,joke,n./v.,"jokes, joking, joked"
1200單字,joy,n.,joys
1200單字,juice,n./v.,"juices, juicing, juiced"
1200單字,July,n.,
1200單字,jump,n./v.,"jumps, jumping, jumped"
1200單字,June,n.,
1200單字,junior high school,n./v.,"junior high schools, junior high schooling, junior high schooled"
1200單字,just,adj./adv.,
1200單字,keep,n./v.,"keeps, keeping, kept"
1200單字,key,n./v.,"keys, keying, keyed"
1200單字,kick,n./v.,"kicks, kicking, kicked"
1200單字,kid,n./v.,"kids, kidding, kidded"
1200單字,kill,n./v.,"kills, killing, killed"
1200單字,kilogram,n.,kilograms
1200單字,kind,n./adj.,"kinds, kinder, kindest"
1200單字,king,n./v.,"kings, kinging, kinged"
1200單字,kiss,n./v.,"kisses, kissing, kissed"
1200單字,kitchen,n.,kitchens
1200單字,kite,n./v.,"kites, kiting, kited"
1200單字,knee,n./v.,"knees, kneeing, kneed"
1200單字,knife,n./v.,"knives, knifes, knifing, knifed"
1200單字,knock,n./v.,"knocks, knocking, knocked"
1200單字,know,v.,"knows, knowing, knew, known"
1200單字,knowledge,n.,knowledges
1200單字,lake,n./v.,"lakes, laking, laked"
1200單字,lamp,n.,lamps
1200單字,land,n./v.,"lands, landing, landed"
1200單字,language,n./v.,"languages, languaging, languaged"
1200單字,large,adj.,"larger, largest"
1200單字,last,n./v./adj./adv.,"lasts, lasting, lasted"
1200單字,late,adj./adv.,"later, latest"
1200單字,later,adv.,
1200單字,laugh,n./v.,"laughs, laughing, laughed"
1200單字,lawyer,n.,lawyers
1200單字,lazy,adj.,"lazier, laziest"
1200單字,lead,n./v.,"leads, leading, led"
1200單字,leader,n.,leaders
1200單字,learn,v.,"learns, learning, learned, learnt"
1200單字,least,adj./adv.,
1200單字,leave,n./v.,"leaves, leaving, left"
1200單字,left,n./adj./adv.,lefts
1200單字,leg,n.,legs
1200單字,lemon,n.,lemons
1200單字,lend,v.,"lends, lending, lent"
1200單字,less,adj./adv.,least
1200單字,lesson,n.,lessons
1200單字,let,v.,"lets, letting"
1200單字,letter,n./v.,"letters, lettering, lettered"
1200單字,level,n./v./adj./adv.,"levels, leveling, levelling, leveled, levelled"
1200單字,library,n.,libraries
1200單字,lie,n./v.,"lies, lying, lay, lied"
1200單字,life,n.,lives
1200單字,light,n./v./adj./adv.,"lights, lighting, lit, lighted, lighter, lightest"
1200單字,like,v./adj.,"likes, liking, liked"
1200單字,line,n./v.,"lines, lining, lined"
1200單字,lion,n.,lions
1200單字,lip,n./v.,"lips, lipping, lipped"
1200單字,list,n./v.,"lists, listing, listed"
1200單字,listen,v.,"listens, listening, listened"
1200單字,little,n./adj./adv.,"littler, littlest"
1200單字,live,v./adj.,"lives, living, lived"
1200單字,living room,n./v.,"living rooms, living rooming, living roomed"
1200單字,lonely,adj.,"lonelier, loneliest"
1200單字,long,n./v./adj./adv.,"longs, longing, longed, longer, longest"
1200單字,look,n./v.,"looks, looking, looked"
1200單字,lose,v.,"loses, losing, lost"
1200單字,loud,adj./adv.,"louder, loudest"
1200單字,love,n./v.,"loves, loving, loved"
1200單字,lovely,n./adj.,"lovelies, lovelier, loveliest"
1200單字,low,n./v./adj./adv.,"lows, lowing, lowed, lower, lowest"
1200單字,lucky,adj.,"luckier, luckiest"
1200單字,lunch,n./v.,"lunches, lunching, lunched"
1200單字,machine,n./v.,"machines, machining, machined"
1200單字,mad,adj.,"madder, maddest"
1200單字,magic,n./adj.,magics
1200單字,mail,n./v.,"mails, mailing, mailed"
1200單字,mailman,n.,mailmen
1200單字,mail carrier,n.,mail carriers
1200單字,main,n./adj.,mains
1200單字,make,n./v.,"makes, making, made"
1200單字,man,n./v.,"men, mans, manning, manned"
1200單字,many,pron.,
1200單字,map,n./v.,"maps, mapping, mapped"
1200單字,March,n./v.,"marches, marching, marched"
1200單字,mark,n./v.,"marks, marking, marked"
1200單字,marker,n.,markers
1200單字,market,n./v.,"markets, marketing, marketed"
1200單字,married,n./adj.,marrieds
1200單字,mask,n./v.,"masks, masking, masked"
1200單字,math,n.,maths
1200單字,mathematics,n.,
1200單字,matter,n./v.,"matters, mattering, mattered"
1200單字,may,v.,might
1200單字,might,aux.,
1200單字,May,v.,might
1200單字,maybe,adv.,
1200單字,meal,n./v.,"meals, mealing, mealed"
1200單字,mean,n./v./adj.,"means, meaning, meant, meaner, meanest"
1200單字,meat,n.,meats
1200單字,medicine,n.,medicines
1200單字,medium,n./adj.,"media, mediums"
1200單字,meet,n./v.,"meets, meeting, met"
1200單字,meeting,n.,meetings
1200單字,member,n.,members
1200單字,menu,n.,menus
1200單字,metro,n.,metros
1200單字,middle,n./v./adj.,"middles, middling, middled"
1200單字,mile,n.,miles
1200單字,milk,n./v.,"milks, milking, milked"
1200單字,million,n.,millions
1200單字,mind,n./v.,"minds, minding, minded"
1200單字,minute,n./v./adj.,"minutes, minuting, minuted, minuter, minutest"
1200單字,Miss,n./v.,"misses, missing, missed"
1200單字,miss,n./v.,"misses, missing, missed"
1200單字,mistake,n./v.,"mistakes, mistaking, mistook, mistaken"
1200單字,modern,n./adj.,"moderns, moderner, modernest"
1200單字,moment,n.,moments
1200單字,Monday,n.,
1200單字,money,n.,"moneys, monies"
1200單字,monkey,n./v.,"monkeys, monkeying, monkeyed"
1200單字,month,n.,months
1200單字,moon,n./v.,"moons, mooning, mooned"
1200單字,more,n./adv.,
1200單字,morning,n.,mornings
1200單字,mop,n./v.,"mops, mopping, mopped"
1200單字,most,adv.,
1200單字,mother,n./v.,"mothers, mothering, mothered"
1200單字,mom,n.,moms
1200單字,mommy,n.,mommies
1200單字,motorcycle,n./v.,"motorcycles, motorcycling, motorcycled"
1200單字,mountain,n.,mountains
1200單字,mouse,n.,mice
1200單字,mouth,n./v.,"mouths, mouthing, mouthed"
1200單字,move,n./v.,"moves, moving, moved"
1200單字,movie,n.,movies
1200單字,Mr.,n.,
1200單字,Mrs.,n.,
1200單字,Ms.,n.,
1200單字,much,adj./adv.,"more, most"
1200單字,mud,n.,
1200單字,museum,n.,museums
1200單字,music,n.,
1200單字,must,v.,
1200單字,nail,n./v.,"nails, nailing, nailed"
1200單字,name,n./v.,"names, naming, named"
1200單字,national,n./adj.,nationals
1200單字,nature,n.,natures
1200單字,near,v./adj./adv.,"nears, nearing, neared, nearer, nearest"
1200單字,neck,n./v.,"necks, necking, necked"
1200單字,need,n./v.,"needs, needing, needed"
1200單字,neighbor,n./v.,"neighbors, neighboring, neighbored"
1200單字,never,adv.,
1200單字,new,adj.,"newer, newest"
1200單字,news,n.,
1200單字,newspaper,n.,newspapers
1200單字,next,adj./adv.,
1200單字,nice,adj.,"nicer, nicest"
1200單字,night,n.,nights
1200單字,nine,num.,
1200單字,nineteen,num.,
1200單字,ninety,num.,
1200單字,no,adv.,
1200單字,nobody,n.,nobodies
1200單字,noise,n./v.,"noises, noising, noised"
1200單字,noisy,adj.,"noisier, noisiest"
1200單字,noodle,n.,noodles
1200單字,noon,n.,
1200單字,north,n./adj./adv.,
1200單字,nose,n./v.,"noses, nosing, nosed"
1200單字,not,adv.,
1200單字,note,n./v.,"notes, noting, noted"
1200單字,notebook,n.,notebooks
1200單字,nothing,n.,nothings
1200單字,notice,n./v.,"notices, noticing, noticed"
1200單字,November,n.,
1200單字,now,n./adv.,
1200單字,number,n./v.,"numbers, numbering, numbered"
1200單字,nurse,n./v.,"nurses, nursing, nursed"
1200單字,o'clock,adv.,
1200單字,October,n.,
1200單字,of,prep.,
1200單字,off,adj./adv.,
1200單字,office,n.,offices
1200單字,officer,n.,officers
1200單字,often,adj./adv.,"oftener, oftenest"
1200單字,oil,n./v.,"oils, oiling, oiled"
1200單字,OK,adj./interj.,
1200單字,old,n./adj.,"olds, older, elder, oldest, eldest"
1200單字,on,adv.,
1200單字,once,n./adv.,
1200單字,one,n./adj.,ones
1200單字,only,adj./adv.,
1200單字,open,v./adj./adv.,"opens, opening, opened"
1200單字,or,conj.,
1200單字,orange,n./adj.,oranges
1200單字,order,n./v.,"orders, ordering, ordered"
1200單字,other,n.,others
1200單字,out,n./adj./adv.,outs
1200單字,outside,n./adj./adv.,outsides
1200單字,over,v./adj./adv.,"overs, overing, overed"
1200單字,own,v./adj.,"owns, owning, owned"
1200單字,p.m.,n.,
1200單字,pack,n./v.,"packs, packing, packed"
1200單字,package,n./v.,"packages, packaging, packaged"
1200單字,page,n./v.,"pages, paging, paged"
1200單字,paint,n./v.,"paints, painting, painted"
1200單字,pair,n./v.,"pairs, pairing, paired"
1200單字,pants,n.,
1200單字,papaya,n.,papayas
1200單字,paper,n./v.,"papers, papering, papered"
1200單字,parent,n.,parents
1200單字,park,n./v.,"parks, parking, parked"
1200單字,part,n./v./adj./adv.,"parts, parting, parted"
1200單字,party,n./v./adj.,"parties, partying, partied"
1200單字,pass,n./v.,"passes, passing, passed"
1200單字,past,n./adj./adv.,pasts
1200單字,paste,n./v.,"pastes, pasting, pasted"
1200單字,pay,n./v.,"pays, paying, paid, payed"
1200單字,PE,n.,
1200單字,physical education,n.,physical educations
1200單字,peach,n.,peaches
1200單字,pear,n.,pears
1200單字,pen,n./v.,"pens, penning, penned"
1200單字,pencil,n./v.,"pencils, pencilling, penciling, pencilled, penciled"
1200單字,people,n./v.,"peoples, peopling, peopled"
1200單字,perhaps,adv.,
1200單字,person,n.,persons
1200單字,pet,n./v.,"pets, petting, petted"
1200單字,photo,n.,photos
1200單字,piano,n./adj./adv.,pianos
1200單字,pick,n./v.,"picks, picking, picked"
1200單字,picnic,n./v.,"picnics, picnicking, picnicked"
1200單字,picture,n./v.,"pictures, picturing, pictured"
1200單字,pie,n.,pies
1200單字,piece,n./v.,"pieces, piecing, pieced"
1200單字,pig,n.,pigs
1200單字,pin,n./v.,"pins, pinning, pinned"
1200單字,pink,n./v./adj.,"pinks, pinking, pinked, pinker, pinkest"
1200單字,pipe,n./v.,"pipes, piping, piped"
1200單字,pizza,n.,pizzas
1200單字,place,n./v.,"places, placing, placed"
1200單字,plan,n./v.,"plans, planning, planned"
1200單字,planet,n.,planets
1200單字,plant,n./v.,"plants, planting, planted"
1200單字,plate,n./v.,"plates, plating, plated"
1200單字,play,n./v.,"plays, playing, played"
1200單字,player,n.,players
1200單字,playground,n.,playgrounds
1200單字,please,v.,"pleases, pleasing, pleased"
1200單字,pleasure,n./v.,"pleasures, pleasuring, pleasured"
1200單字,pocket,n./v.,"pockets, pocketing, pocketed"
1200單字,point,n./v.,"points, pointing, pointed"
1200單字,police,n./v.,"polices, policing, policed"
1200單字,polite,adj.,
1200單字,pond,n./v.,"ponds, ponding, ponded"
1200單字,pool,n./v.,"pools, pooling, pooled"
1200單字,poor,n./adj.,"poorer, poorest"
1200單字,pop,n./v.,"pops, popping, popped"
1200單字,popcorn,n.,
1200單字,popular,adj.,
1200單字,pork,n.,
1200單字,possible,n./adj.,possibles
1200單字,post office,n.,post offices
1200單字,postcard,n.,postcards
1200單字,pot,n./v.,"pots, potting, potted"
1200單字,pound,n./v.,"pounds, pounding, pounded"
1200單字,power,n./v.,"powers, powering, powered"
1200單字,probably,adv.,
1200單字,practice,n./v.,"practices, practicing, practiced"
1200單字,pray,v./adv.,"prays, praying, prayed"
1200單字,prepare,v.,"prepares, preparing, prepared"
1200單字,present,n./v./adj.,"presents, presenting, presented"
1200單字,pretty,adj./adv.,"prettier, prettiest"
1200單字,price,n./v.,"prices, pricing, priced"
1200單字,prize,n./v./adj.,"prizes, prizing, prized"
1200單字,problem,n.,problems
1200單字,program,n./v.,"programs, programing, programed"
1200單字,proud,adj./adv.,"prouder, proudest"
1200單字,public,n./adj.,publics
1200單字,pull,n./v.,"pulls, pulling, pulled"
1200單字,pumpkin,n.,pumpkins
1200單字,puppy,n.,puppies
1200單字,purple,n./adj.,"purples, purpler, purplest"
1200單字,push,n./v.,"pushes, pushing, pushed"
1200單字,put,v.,"puts, putting"
1200單字,quarter,n./v.,"quarters, quartering, quartered"
1200單字,queen,n./v.,"queens, queening, queened"
1200單字,question,n./v.,"questions, questioning, questioned"
1200單字,quick,n./adj./adv.,"quicker, quickest"
1200單字,quiet,n./v./adj.,"quiets, quieting, quieted, quieter, quietest"
1200單字,quite,adv.,
1200單字,quiz,n./v.,"quizzes, quizzing, quizzed"
1200單字,rabbit,n./v.,"rabbits, rabbitting, rabbitted"
1200單字,race,n./v.,"races, racing, raced"
1200單字,radio,n./v.,"radios, radioing, radioed"
1200單字,rain,n./v.,"rains, raining, rained"
1200單字,rainbow,n.,rainbows
1200單字,rainy,adj.,"rainier, rainiest"
1200單字,raise,n./v.,"raises, raising, raised"
1200單字,rat,n./v.,"rats, ratting, ratted"
1200單字,reach,n./v.,"reaches, reaching, reached"
1200單字,read,n./v.,"reads, reading"
1200單字,ready,v./adj.,"readies, readying, readied, readier, readiest"
1200單字,real,n./adj.,"reals, reis, reales, riales, realer, realest"
1200單字,really,adv.,
1200單字,reason,n./v.,"reasons, reasoning, reasoned"
1200單字,red,n./adj.,"reds, redder, reddest"
1200單字,refrigerator,n.,refrigerators
1200單字,fridge,n.,
1200單字,relative,n./adj.,relatives
1200單字,remember,v.,"remembers, remembering, remembered"
1200單字,repeat,n./v.,"repeats, repeating, repeated"
1200單字,report,n./v.,"reports, reporting, reported"
1200單字,reporter,n.,reporters
1200單字,rest,n./v.,"rests, resting, rested"
1200單字,restaurant,n.,restaurants
1200單字,restroom,n.,restrooms
1200單字,rice,n.,rices
1200單字,rich,adj.,"richer, richest"
1200單字,ride,n./v.,"rides, riding, rode, ridden"
1200單字,right,n./v./adj./adv.,"rights, righting, righted, righter, rightest"
1200單字,ring,n./v.,"rings, ringing, rang, rung"
1200單字,rise,n./v.,"rises, rising, rose, risen"
1200單字,river,n.,rivers
1200單字,road,n.,roads
1200單字,robot,n.,robots
1200單字,R.O.C.,n.,
1200單字,ROC,n.,
1200單字,rock,n./v.,"rocks, rocking, rocked"
1200單字,roll,n./v.,"rolls, rolling, rolled"
1200單字,room,n./v.,"rooms, rooming, roomed"
1200單字,root,n./v./adj.,"roots, rooting, rooted"
1200單字,rope,n./v.,"ropes, roping, roped"
1200單字,rose,n.,roses
1200單字,round,n./v./adj./adv.,"rounds, rounding, rounded, rounder, roundest"
1200單字,row,n./v.,"rows, rowing, rowed"
1200單字,rule,n./v.,"rules, ruling, ruled"
1200單字,ruler,n.,rulers
1200單字,run,n./v.,"runs, running, ran"
1200單字,sad,adj.,"sadder, saddest"
1200單字,safe,n./v./adj.,"safes, safing, safed, safer, safest"
1200單字,sail,n./v.,"sails, sailing, sailed"
1200單字,salad,n.,salads
1200單字,sale,n.,sales
1200單字,salesman,n.,salesmen
1200單字,salt,n./v./adj.,"salts, salting, salted"
1200單字,same,adj.,
1200單字,sandwich,n./v.,"sandwiches, sandwiching, sandwiched"
1200單字,Saturday,n.,
1200單字,save,n./v.,"saves, saving, saved"
1200單字,say,n./v.,"says, saying, said"
1200單字,scared,adj.,
1200單字,school,n./v.,"schools, schooling, schooled"
1200單字,science,n.,sciences
1200單字,scooter,n.,scooters
1200單字,screen,n./v.,"screens, screening, screened"
1200單字,sea,n.,seas
1200單字,season,n./v.,"seasons, seasoning, seasoned"
1200單字,seat,n./v.,"seats, seating, seated"
1200單字,second,n./v./adj.,"seconds, seconding, seconded"
1200單字,secretary,n.,secretaries
1200單字,see,v.,"sees, seeing, saw, seen"
1200單字,seed,n./v./adj.,"seeds, seeding, seeded"
1200單字,seesaw,n./v.,"seesaws, seesawing, seesawed"
1200單字,seldom,adv.,
1200單字,sell,n./v.,"sells, selling, sold"
1200單字,send,v.,"sends, sending, sent"
1200單字,senior high school,n./v.,"senior high schools, senior high schooling, senior high schooled"
1200單字,sentence,n./v.,"sentences, sentencing, sentenced"
1200單字,September,n.,
1200單字,serious,adj.,
1200單字,service,n./v.,"services, servicing, serviced"
1200單字,set,n./v./adj.,"sets, setting"
1200單字,seven,num.,
1200單字,seventeen,num.,
1200單字,seventy,n./adj.,seventies
1200單字,several,adj.,
1200單字,shake,n./v.,"shakes, shaking, shook, shaken"
1200單字,shape,n./v.,"shapes, shaping, shaped"
1200單字,share,n./v.,"shares, sharing, shared"
1200單字,sharp,n./adj./adv.,"sharps, sharper, sharpest"
1200單字,she,pron.,
1200單字,her,pron.,
1200單字,hers,pron.,
1200單字,herself,pron.,
1200單字,sheep,n.,
1200單字,shine,n./v.,"shines, shining, shone, shined"
1200單字,ship,n./v.,"ships, shipping, shipped"
1200單字,shirt,n.,shirts
1200單字,shoe,n./v.,"shoes, shoeing, shoed, shod"
1200單字,s,,
1200單字,shop,n./v.,"shops, shopping, shopped"
1200單字,shopkeeper,n.,shopkeepers
1200單字,short,n./v./adj.,"shorts, shorting, shorted, shorter, shortest"
1200單字,shorts,n.,
1200單字,should,aux.,
1200單字,shoulder,n./v.,"shoulders, shouldering, shouldered"
1200單字,shout,n./v.,"shouts, shouting, shouted"
1200單字,show,n./v.,"shows, showing, showed, shown"
1200單字,shower,n./v.,"showers, showering, showered"
1200單字,shy,v./adj.,"shies, shying, shied, shyer, shyest"
1200單字,sick,n./adj.,"sicker, sickest"
1200單字,side,n./v./adj.,"sides, siding, sided"
1200單字,sidewalk,n.,sidewalks
1200單字,sight,n./v.,"sights, sighting, sighted"
1200單字,sign,n./v.,"signs, signing, signed"
1200單字,simple,n./adj.,"simples, simpler, simplest"
1200單字,since,adv.,
1200單字,sing,v.,"sings, singing, sang, sung"
1200單字,singer,n.,singers
1200單字,sir,n.,sirs
1200單字,sister,n.,sisters
1200單字,sit,v.,"sits, sitting, sat"
1200單字,six,num.,
1200單字,sixteen,num.,
1200單字,sixty,n.,sixties
1200單字,size,n./v.,"sizes, sizing, sized"
1200單字,skirt,n./v.,"skirts, skirting, skirted"
1200單字,sky,n./v.,"skies, skying, skied"
1200單字,sleep,n./v.,"sleeps, sleeping, slept"
1200單字,slide,n./v.,"slides, sliding, slid"
1200單字,slim,v./adj.,"slims, slimming, slimmed, slimmer, slimmest"
1200單字,slow,v./adj./adv.,"slows, slowing, slowed, slower, slowest"
1200單字,small,n./adj./adv.,"smaller, smallest"
1200單字,smart,n./v./adj.,"smarts, smarting, smarted, smarter, smartest"
1200單字,smell,n./v.,"smells, smelling, smelled, smelt"
1200單字,smile,n./v.,"smiles, smiling, smiled"
1200單字,smoke,n./v.,"smokes, smoking, smoked"
1200單字,snack,n./v.,"snacks, snacking, snacked"
1200單字,snake,n./v.,"snakes, snaking, snaked"
1200單字,snow,n./v.,"snows, snowing, snowed"
1200單字,snowy,adj.,"snowier, snowiest"
1200單字,so,adj./adv.,
1200單字,soccer,n.,
1200單字,socks,n.,
1200單字,sofa,n.,sofas
1200單字,soldier,n./v.,"soldiers, soldiering, soldiered"
1200單字,some,pron.,
1200單字,someone,pron.,
1200單字,somebody,pron.,
1200單字,something,pron.,
1200單字,sometimes,adv.,
1200單字,somewhere,adv.,
1200單字,son,n.,sons
1200單字,song,n.,songs
1200單字,soon,adv.,"sooner, soonest"
1200單字,sore,n./adj./adv.,"sores, sorer, sorest"
1200單字,sorry,adj.,"sorrier, sorriest"
1200單字,sound,n./v./adj./adv.,"sounds, sounding, sounded, sounder, soundest"
1200單字,soup,n./v.,"soups, souping, souped"
1200單字,south,n./adv.,
1200單字,space,n./v.,"spaces, spacing, spaced"
1200單字,speak,v.,"speaks, speaking, spoke, spoken"
1200單字,special,n./adj.,specials
1200單字,spell,n./v.,"spells, spelling, spelled, spelt"
1200單字,spend,v.,"spends, spending, spent"
1200單字,spider,n.,spiders
1200單字,spoon,n./v.,"spoons, spooning, spooned"
1200單字,sports,n.,
1200單字,spring,n./v.,"springs, springing, sprang, sprung"
1200單字,square,n./v./adj./adv.,"squares, squaring, squared, squarer, squarest"
1200單字,stairs,n.,
1200單字,stamp,n./v.,"stamps, stamping, stamped"
1200單字,stand,n./v.,"stands, standing, stood"
1200單字,star,n./v.,"stars, starring, starred"
1200單字,start,n./v.,"starts, starting, started"
1200單字,station,n./v.,"stations, stationing, stationed"
1200單字,stay,n./v.,"stays, staves, staying, stayed, staid"
1200單字,steak,n.,steaks
1200單字,still,n./v./adj./adv.,"stills, stilling, stilled, stiller, stillest"
1200單字,stomach,n./v.,"stomachs, stomaching, stomached"
1200單字,stop,n./v.,"stops, stopping, stopped"
1200單字,store,n./v.,"stores, storing, stored"
1200單字,story,n.,stories
1200單字,straight,n./adj./adv.,"straights, straighter, straightest"
1200單字,strange,adj.,"stranger, strangest"
1200單字,stranger,n.,strangers
1200單字,strawberry,n.,strawberries
1200單字,street,n.,streets
1200單字,string,n./v.,"strings, stringing, strung"
1200單字,strong,adj.,"stronger, strongest"
1200單字,student,n.,students
1200單字,study,n./v.,"studies, studying, studied"
1200單字,stupid,adj.,"stupider, stupidest"
1200單字,subject,n./v./adj.,"subjects, subjecting, subjected"
1200單字,successful,adj.,
1200單字,sugar,n./v.,"sugars, sugaring, sugared"
1200單字,summer,n./v.,"summers, summering, summered"
1200單字,sun,n./v.,"suns, sunning, sunned"
1200單字,Sunday,n.,
1200單字,sunny,adj.,"sunnier, sunniest"
1200單字,supermarket,n.,supermarkets
1200單字,sure,adj./adv.,"surer, surest"
1200單字,surf,n./v.,"surfs, surfing, surfed"
1200單字,surprise,n./v.,"surprises, surprising, surprised"
1200單字,surprised,adj.,
1200單字,sweater,n.,sweaters
1200單字,sweet,n./adj.,"sweets, sweeter, sweetest"
1200單字,swim,n./v.,"swims, swimming, swam, swum"
1200單字,swing,n./v.,"swings, swinging, swung"
1200單字,table,n./v.,"tables, tabling, tabled"
1200單字,tail,n./v.,"tails, tailing, tailed"
1200單字,Taiwan,n.,
1200單字,take,n./v.,"takes, taking, took, taken"
1200單字,talk,n./v.,"talks, talking, talked"
1200單字,tall,adj.,"taller, tallest"
1200單字,tape,n./v.,"tapes, taping, taped"
1200單字,taste,n./v.,"tastes, tasting, tasted"
1200單字,taxi,n./v.,"taxis, taxies, taxiing, taxying, taxied"
1200單字,tea,n.,teas
1200單字,teach,v.,"teaches, teaching, taught"
1200單字,teacher,n.,teachers
1200單字,team,n./v.,"teams, teaming, teamed"
1200單字,teenager,n.,teenagers
1200單字,telephone,n./v.,"telephones, telephoning, telephoned"
1200單字,phone,n./v.,"phones, phoning, phoned"
1200單字,television,n.,televisions
1200單字,TV,n.,
1200單字,tell,v.,"tells, telling, told"
1200單字,temple,n.,temples
1200單字,ten,num.,
1200單字,tennis,n.,
1200單字,terrible,adj.,
1200單字,test,n./v.,"tests, testing, tested"
1200單字,than,conj.,
1200單字,thank,v.,"thanks, thanking, thanked"
1200單字,that,pron.,
1200單字,the,art.,
1200單字,theater,n.,theaters
1200單字,then,adj./adv.,
1200單字,there,adj./adv.,
1200單字,these,pron.,
1200單字,they,pron.,
1200單字,them,pron.,
1200單字,their,pron.,
1200單字,theirs,pron.,
1200單字,themselves,pron.,
1200單字,thick,n./adj./adv.,"thicker, thickest"
1200單字,thin,v./adj./adv.,"thins, thinning, thinned, thinner, thinnest"
1200單字,thing,n.,things
1200單字,think,n./v.,"thinks, thinking, thought"
1200單字,third,v./adv.,"thirds, thirding, thirded"
1200單字,thirsty,adj.,"thirstier, thirstiest"
1200單字,thirteen,num.,
1200單字,thirty,num.,
1200單字,this,pron.,
1200單字,those,pron.,
1200單字,though,conj.,
1200單字,although,conj.,
1200單字,thousand,n.,thousands
1200單字,three,num.,
1200單字,throat,n.,throats
1200單字,through,adv.,
1200單字,throw,n./v.,"throws, throwing, threw, thrown"
1200單字,Thursday,n.,
1200單字,ticket,n./v.,"tickets, ticketing, ticketed"
1200單字,tidy,n./v./adj.,"tidies, tidying, tidied, tidier, tidiest"
1200單字,tie,n./v.,"ties, tying, tieing, tied"
1200單字,tiger,n.,tigers
1200單字,time,n./v.,"times, timing, timed"
1200單字,tip,n./v.,"tips, tipping, tipped"
1200單字,tired,adj.,
1200單字,to,adv.,
1200單字,toast,n./v.,"toasts, toasting, toasted"
1200單字,today,n./adv.,todays
1200單字,toe,n./v.,"toes, toeing, toed"
1200單字,together,adv.,
1200單字,tomato,n.,tomatoes
1200單字,tomorrow,n./adv.,tomorrows
1200單字,tonight,n./adv.,
1200單字,too,adv.,
1200單字,tool,n./v.,"tools, tooling, tooled"
1200單字,tooth,n.,teeth
1200單字,top,v./adj.,"tops, topping, topped"
1200單字,topic,n.,topics
1200單字,total,n./v./adj.,"totals, totaling, totalling, totaled, totalled"
1200單字,touch,n./v.,"touches, touching, touched"
1200單字,towel,n./v.,"towels, towelling, toweling, towelled, toweled"
1200單字,town,n.,towns
1200單字,toy,n./v.,"toys, toying, toyed"
1200單字,traffic,n./v.,"traffics, trafficking, trafficked"
1200單字,train,n./v.,"trains, training, trained"
1200單字,trash,n./v.,"trashes, trashing, trashed"
1200單字,treat,n./v.,"treats, treating, treated"
1200單字,tree,n./v.,"trees, treeing, treed"
1200單字,trick,n./v./adj.,"tricks, tricking, tricked"
1200單字,trip,n./v.,"trips, tripping, tripped"
1200單字,trouble,n./v.,"troubles, troubling, troubled"
1200單字,truck,n./v.,"trucks, trucking, trucked"
1200單字,TRUE,v./adj.,
1200單字,try,n./v.,"tries, trying, tried"
1200單字,T-shirt,n.,T-shirts
1200單字,Tuesday,n.,
1200單字,turn,n./v.,"turns, turning, turned"
1200單字,turtle,n.,turtles
1200單字,twelve,num.,
1200單字,twenty,num.,
1200單字,twice,adv.,
1200單字,two,n./adj.,
1200單字,type,n./v.,"types, typing, typed"
1200單字,typhoon,n.,typhoons
1200單字,ugly,adj.,"uglier, ugliest"
1200單字,umbrella,n.,umbrellas
1200單字,uncle,n.,uncles
1200單字,under,adj./adv.,
1200單字,understand,v.,"understands, understanding, understood"
1200單字,unhappy,adj.,"unhappier, unhappiest"
1200單字,uniform,n./v./adj.,"uniforms, uniforming, uniformed"
1200單字,until,conj./prep.,
1200單字,up,n./v./adj./adv.,"ups, upping, upped"
1200單字,upload,n./v.,"uploads, uploading, uploaded"
1200單字,U.S.A.,n.,
1200單字,USA,n.,
1200單字,use,n./v.,"uses, using, used"
1200單字,useful,adj.,
1200單字,usually,adv.,
1200單字,vacation,n./v.,"vacations, vacationing, vacationed"
1200單字,vegetable,n./adj.,vegetables
1200單字,very,adj./adv.,
1200單字,video,n./v./adj.,"videos, videoing, videoed"
1200單字,violin,n.,violins
1200單字,visit,n./v.,"visits, visiting, visited"
1200單字,visitor,n.,visitors
1200單字,voice,n./v.,"voices, voicing, voiced"
1200單字,wait,n./v.,"waits, waiting, waited"
1200單字,waiter,n.,waiters
1200單字,waitress,n.,waitresses
1200單字,wake,n./v.,"wakes, waking, woke, waked, woken"
1200單字,walk,n./v.,"walks, walking, walked"
1200單字,wall,n./v.,"walls, walling, walled"
1200單字,wallet,n.,wallets
1200單字,want,n./v.,"wants, wanting, wanted"
1200單字,warm,n./v./adj.,"warms, warming, warmed, warmer, warmest"
1200單字,wash,n./v./adj.,"washes, washing, washed"
1200單字,watch,n./v.,"watches, watching, watched"
1200單字,water,n./v.,"waters, watering, watered"
1200單字,watermelon,n.,watermelons
1200單字,wave,n./v.,"waves, waving, waved"
1200單字,way,n.,ways
1200單字,we,pron.,
1200單字,us,pron.,
1200單字,our,pron.,
1200單字,ours,pron.,
1200單字,ourselves,pron.,
1200單字,weak,adj.,"weaker, weakest"
1200單字,wear,n./v.,"wears, wearing, wore, worn"
1200單字,weather,n./v.,"weathers, weathering, weathered"
1200單字,Wednesday,n.,
1200單字,week,n.,weeks
1200單字,weekend,n./v.,"weekends, weekending, weekended"
1200單字,welcome,n./v./adj.,"welcomes, welcoming, welcomed"
1200單字,well,n./v./adj./adv.,"wells, welling, welled, better, best"
1200單字,west,n./adj./adv.,
1200單字,wet,n./v./adj.,"wets, wetting, wetted, wetter, wettest"
1200單字,what,pron.,
1200單字,when,adv.,
1200單字,where,n./adv.,wheres
1200單字,whether,conj.,
1200單字,which,pron.,
1200單字,while,n./v.,"whiles, whiling, whiled"
1200單字,white,n./v./adj.,"whites, whiting, whited, whiter, whitest"
1200單字,who,pron.,
1200單字,whose,pron.,
1200單字,why,n./adv.,whies
1200單字,wide,n./adj./adv.,"wides, wider, widest"
1200單字,wife,n.,wives
1200單字,will,v.,would
1200單字,would,aux.,
1200單字,win,n./v.,"wins, winning, won"
1200單字,wind,n./v.,"winds, winding, wound, winded"
1200單字,window,n./v.,"windows, windowing, windowed"
1200單字,windy,adj.,"windier, windiest"
1200單字,winter,n./v.,"winters, wintering, wintered"
1200單字,wise,v./adj.,"wises, wising, wised, wiser, wisest"
1200單字,wish,n./v.,"wishes, wishing, wished"
1200單字,with,prep.,
1200單字,without,adv.,
1200單字,woman,n.,women
1200單字,wonderful,adj.,
1200單字,word,n./v.,"words, wording, worded"
1200單字,work,n./v.,"works, working, worked"
1200單字,workbook,n.,workbooks
1200單字,worker,n.,workers
1200單字,world,n.,worlds
1200單字,worry,n./v.,"worries, worrying, worried"
1200單字,write,v.,"writes, writing, wrote, written"
1200單字,writer,n.,writers
1200單字,wrong,n./v./adj./adv.,"wrongs, wronging, wronged, worse, worst"
1200單字,yard,n./v.,"yards, yarding, yarded"
1200單字,year,n.,years
1200單字,yellow,n./v./adj.,"yellows, yellowing, yellowed, yellower, yellowest"
1200單字,yes,n./adv.,yeses
1200單字,yeah,interj.,
1200單字,yesterday,n./adv.,yesterdays
1200單字,yet,adv.,
1200單字,you,pron.,
1200單字,your,pron.,
1200單字,yours,pron.,
1200單字,yourself,pron.,
1200單字,yourselves,pron.,
1200單字,young,n./adj.,"younger, youngest"
1200單字,yummy,adj.,
1200單字,zebra,n.,zebras
1200單字,zero,n./v.,"zeros, zeroes, zeroing, zeroed"
1200單字,zoo,n.,zoos